PC1,PC2,PC3,PC4,PC5,PC6,PC7,PC8,Score,Club,PlayerName
-4.271074606091696,2.2548344954492436,-1.011046868307813,1.7642969320373354,2.1211818503691795,0.0023672879076054466,-0.4151404762023108,-1.4999387047081572,19.75,MUN,"Braund, Mr. Owen Harris"
-4.028250423618073,2.404185838956678,0.37736922268597395,0.004340638836157252,1.5933580705749608,-1.002031865243515,1.2513060989506044,-0.7351163756923774,21.3,MUN,"Allen, Mr. William Henry"
-6.008978753338821,-0.07380257619372872,-2.603054607419422,-0.397433382849327,1.9516797863018933,-1.9840086436863453,-0.7020167650971383,0.6588844182560876,19.88,MUN,"Moran, Mr. James"
-4.955593014021305,0.8046344904547186,-3.0373516651552444,1.0760922760961475,0.40079974811665764,-0.646907759152885,-0.14282266708989796,-0.8992645518753083,23.66,MUN,"McCarthy, Mr. Timothy J"
-3.6545823809379128,-0.2862580407825269,0.2012034723458958,-1.724042005459979,0.6298226601875957,0.910961480386426,-0.32111397327009933,-1.0930402018458338,17.64,MUN,"Palsson, Master. Gosta Leonard"
-5.080137355910431,-2.2898316512013137,-1.9162729155141276,0.31581808606050144,0.6945959166842254,-0.15486215239254394,0.24473974583141783,-0.34088907734645846,15.58,MUN,"Saundercock, Mr. William Henry"
-3.9610622898905232,-0.9006936236541156,-1.6728226622968303,-0.6953188298395786,0.8739553817941105,0.15820541053749326,2.092503298074144,-0.19508458525458444,19.99,MUN,"Andersson, Mr. Anders Johan"
-5.087518156609631,-0.646920352814534,-0.7834393736369113,-1.7117978819282118,-0.4172919465599977,-0.2747833435524631,0.8354277607030447,0.0013338462674781918,22.43,MUN,"Rice, Master. Eugene"
-3.5495205048613845,1.4000916255575586,2.3057800295956863,-1.1786958373586374,0.08051598162983865,1.4813403157033056,0.8773050232927004,0.2067315316974904,17.95,MUN,"Williams, Mr. Charles Eugene"
-3.9501400076259734,-2.8955058160067293,-1.3149829788657983,-1.7948249028080332,0.9355377313730779,-1.1109504399093644,1.5389827608440554,-0.6305904157746066,15.07,MUN,"Fynney, Mr. Joseph J"
-2.3696556533325888,3.2872651879350356,-5.402713912309171,-1.4611799048003464,0.5014132322793203,-0.9080307711862604,-0.7038295504425872,-0.061223916049363385,28.83,MUN,"Beesley, Mr. Lawrence"
-2.1196703581680634,0.47943143029743335,0.1469705520627903,-2.8781553702186216,0.7642665854914195,2.0091942467021027,0.35956130857145574,-0.4405719131984728,18.08,MUN,"Sloper, Mr. William Thompson"
-4.398539617357011,2.410992576124653,-0.062288200814877424,-1.250466868922076,-1.3560505751844778,0.650359007842245,-1.835429141514482,-0.5407624514299585,23.3,MUN,"Emir, Mr. Farred Chehab"
-2.3834705205156057,0.7404738351621756,-2.0461557287067484,-0.00202200905195838,0.009207853025975547,1.667755483256658,-0.12332518877711332,-0.30056172212210486,17.71,MUN,"Fortune, Mr. Charles Alexander"
-2.27604877051895,0.452248510054248,-1.8976220977845766,-1.8374977254951639,-0.564091785624192,0.6230596557774943,-1.1434068080616573,-1.002794549353277,18.77,MUN,"Todoroff, Mr. Lalio"
-4.046942906101711,0.24030082281236545,-1.831504552330967,-1.0809620124330663,0.53761884371505,-0.12482949961710232,-0.6378753670973408,-0.3533906720816502,19.83,MUN,"Uruchurtu, Don. Manuel E"
-5.477330948649728,2.4415440238809936,-0.9420645512489306,0.6803074957052259,0.039233147568260955,1.3261799353688934,-0.9756545120208853,-0.26112007344277144,25.16,MUN,"Wheadon, Mr. Edward H"
-2.5544947932239044,0.5089712917169604,1.9788292435873003,-2.67970164559812,-0.14112417220857587,2.7238176092680186,0.9012603794907584,-0.21113924767404302,18.04,MUN,"Meyer, Mr. Edgar Joseph"
-2.5424706725166737,2.2136449318056064,0.012580863491428843,-1.0816672567669299,0.00700030821680679,2.280365038046233,0.6624136914087512,-0.3221236933305468,21.79,MUN,"Holverson, Mr. Alexander Oskar"
-2.166240526647323,0.9568028146667974,-0.58270220609831,-2.857425449180421,-0.8524789817704378,0.02120629438469266,1.6459465152668353,-0.17493217351709028,22.25,MUN,"Mamee, Mr. Hanna"
-3.2589449210027697,-0.33186052881915995,-1.7725407453106639,-0.4726117864237115,1.210309545804052,-0.6589860251223444,0.8254883022020212,-0.10710674533112662,16.25,MUN,"Cann, Mr. Ernest Charles"
-4.755165044400433,-2.662091994898001,-3.5537367348063023,0.37411179184211635,0.7478703224134351,1.2796825322859282,0.8449481513046109,0.8197001162791135,16.38,MUN,"Kraeff, Mr. Theodor"
-2.4804208056856214,2.3070124879835996,2.3316861637827806,-0.6218841230735459,-0.9517765801546291,1.996590461249378,1.3814981925525043,-0.631365922911541,19.35,MUN,"Rogers, Mr. William John"
-1.8414889201791942,0.006178822582378443,-0.7501415419267694,-2.8018416216216298,-0.6426115504018559,-0.20813449462159472,0.18327136737220825,-1.79519972928298,19.2,MUN,"Lennon, Mr. Denis"
-2.556479839166497,-0.694069180521324,-1.3472698341362055,-0.5376276723304481,0.012236158344178365,2.7299815681375077,1.5778168678935125,-0.3890080386174066,17.89,MUN,"Samaan, Mr. Youssef"
-1.9412686500010115,-1.8021632040878515,-0.8184861477218784,-0.5621350708691508,0.3711793324346178,1.8783302145636576,1.4831232096817222,-0.7209563640241059,12.2,MUN,"Panula, Master. Juha Niilo"
-4.2473880991421655,0.8273152452548348,-2.2431745302434525,-0.8827809875418435,0.06911179051290837,1.3935479265442474,0.07595405876615076,0.5176763796290417,23.7,MUN,"Nosworthy, Mr. Richard Cater"
-3.032945882570744,2.123427645141482,-0.38046538907808897,-1.3077982485643274,-1.3659190689744714,1.4652199667570354,1.006370613967173,-0.1029712058000314,24.69,MUN,"Ostby, Mr. Engelhart Cornelius"
-5.225135990584075,-0.4302121658439612,1.947778351106428,0.33130293699055563,-1.4095931592513238,0.13874369523696986,0.35802451699881527,-0.6308717434490714,16.58,MUN,"Woolner, Mr. Hugh"
-2.785416214998723,1.1613431769618623,-1.3354755093350161,-0.4461920404825069,-1.3920953937775318,-0.04810698518712517,-0.4865815449636935,-2.2120701612844575,21.47,MUN,"Novel, Mr. Mansouer"
-2.045679301142296,0.35703510680136585,-1.0118225074688383,-2.0259430631805384,-1.1691838446508138,-0.20574591517281998,-0.06602613268580806,-2.078995081021888,20.12,MUN,"Goodwin, Master. William Frederick"
-2.462702412186117,3.306608449655911,2.308490839200127,-2.0901650459506946,1.1473223789002394,1.6536035060555794,-0.601644536030732,0.21040690211384355,17.51,MUN,"Sirayanian, Mr. Orsen"
-3.0368294302735146,1.477833493265956,-1.5470881267888388,-1.9218556829873905,-0.5527625309120299,1.3071985918101188,0.23196160508314864,0.21965280991747102,23.7,MUN,"Harris, Mr. Henry Birkhardt"
-3.131419098641743,1.749855875912813,-3.1009375369924186,-0.4476312702205426,0.12955190118288054,-0.4435165347829383,-0.887710103854543,-0.656519894545173,22.39,MUN,"Skoog, Master. Harald"
-2.412850707019199,1.7766077772523294,-0.763057733372579,-4.820888193399438,1.259070129252083,1.0907976306655118,-0.8667088704251557,0.9683422356305925,20.43,MUN,"Stewart, Mr. Albert A"
-2.041795127057738,3.486710202643858,7.4731977998166945,-1.3974781045862994,2.4064916604365596,0.5386413015361393,0.030365230568127115,-0.9856392027637801,11.29,MUN,"Moubarek, Master. Gerios"
-6.099449349230162,0.025878350574524547,-0.6680297385129284,-0.6714507672579653,-0.7068455821210883,0.1147259973286167,1.0343444306193608,0.2520313829604719,25.26,MUN,"Crease, Mr. Ernest James"
-5.537996918762583,1.153977492883743,0.6288460856391447,-0.9260462235396689,1.5883171470392783,-0.21635320638122374,-0.09467299785342731,0.7891297868051499,19.39,MUN,"Kink, Mr. Vincenz"
-5.591410065928573,0.3752430214333623,-0.5927393404039514,-0.5756231109483054,0.6370601577676792,-1.8270847689846834,-0.31289055850379954,0.07809124048043911,19.63,MUN,"Jenkin, Mr. Stephen Curnow"
-4.644176191557505,0.9662608745466199,-2.345059548027748,1.0713259293876087,-0.1169063062571078,-0.02758727950682011,-0.22542836754306284,-1.20465743041283,23.11,MUN,"Hood, Mr. Ambrose Jr"
-5.412545909962009,0.28456179722099184,-1.3133362905205763,0.1311884002118326,2.210407595781576,-1.5230852770187555,-0.7891084995792202,0.1587886330672776,16.86,MUN,"Chronopoulos, Mr. Apostolos"
-4.961975804775558,-0.5297739242192058,-2.298938227256759,1.114307094188778,-0.3876545653524331,-0.6519148122778181,0.9742533875350419,-0.9678980876089747,21.32,MUN,"Bing, Mr. Lee"
-5.5149353571440844,3.412768816958254,-2.8035166368139373,3.1591628370264795,-1.2768140514533306,-0.32593830798830575,-1.386409410219419,-1.1141204246006315,26.57,MUN,"Moen, Mr. Sigurd Hansen"
-4.95509527892953,0.0354028869856829,-2.2001638028343407,2.1570458405623727,0.24314197847402724,-0.4028166105334973,-0.5511953083168435,-0.902781656623059,17.93,MUN,"Staneff, Mr. Ivan"
-3.520362449383106,4.581576596428789,1.0932468869279062,-0.4028918797083362,-1.4186797449337392,0.2714741774719779,-0.6011489068180942,-0.9884727485117151,24.97,MUN,"Moutal, Mr. Rahamin Haim"
-4.132720921894175,5.237513851638204,1.883061489736683,0.831906737270281,0.9439068047159942,-0.8609601282395497,0.720014680819187,-0.07549352111226985,22.62,MUN,"Caldwell, Master. Alden Gates"
-5.063346351657737,-0.9526120295096218,-0.0433603057866696,1.6730215643184774,1.6634624391331705,0.5465867744713087,1.1327578708482648,-0.763474461963128,15.01,MUN,"Waelens, Mr. Achille"
-4.213946001556932,1.7636365362654118,2.3479786957482847,1.128309866481737,0.379942960141497,1.5132965493527801,2.1001281968973164,0.03105991086359801,18.14,MUN,"Sheerlinck, Mr. Jan Baptist"
-4.805137636554818,6.175824326686148,-0.13358415123679473,0.08931034270301456,0.09838900860666289,-2.3404291996621223,-1.0916990278171916,0.23909509638489865,26.78,MUN,"Carrau, Mr. Francisco M"
-5.215430993682234,-2.183151561193834,-0.520554983006325,-0.7907635540302876,-0.4391196713823183,-1.6209306764874511,0.5690722009839068,-1.0960636186645083,17.22,MUN,"Ford, Mr. William Neal"
-3.7173545156302468,7.404312664144303,0.5013379147457405,2.2770730758374036,-1.6255330372293397,-1.2858807177599862,-0.8893227114666986,-1.6448164881001885,26.5,MUN,"Slocovski, Mr. Selman Francis"
-2.9418229105929843,5.507442804009081,2.006069057258802,0.5845084776281507,-0.5666342488177363,-0.07608914568947397,0.7492521183383803,-0.7587001184402011,23.01,MUN,"Celotti, Mr. Francesco"
-3.7634567718973395,6.267299446143523,-0.7084600183921065,0.33827939019628134,-1.9870586959600176,-0.6567965449949085,-0.2982017827191749,-0.2993338377648481,30.1,MUN,"Christmann, Mr. Emil"
-2.1505955562576995,1.2052330723728002,1.2230376386082906,-1.2438961378296254,1.6964703416964886,-1.8497577621172892,0.4663444920584703,-1.4433767728597113,13.93,MUN,"Andreasson, Mr. Paul Edvin"
-4.307195541124403,3.6012752967119326,-2.7148403599668525,0.3853310701410517,0.3200126257013902,-0.9329640318806232,-0.25172531319783953,0.3320986616960035,26.65,MUN,"Chaffee, Mr. Herbert Fuller"
-5.888946115088858,5.1717021159315415,-0.8027379338374626,-1.0448286706142793,-0.4961398406014138,-0.2771280643712285,1.5357954503105882,1.7081191878078064,35.52,MUN,"Dean, Mr. Bertram Frank"
-4.906158394996793,-0.9582499526476906,0.5465855089622496,0.07405114291906593,1.0869610226252608,1.7085298229760062,0.0024468338070463384,-0.45757694459939746,15.59,MUN,"Coxon, Mr. Daniel"
-4.469550793545609,2.731203722067785,0.4730644039856849,1.3587591522396616,0.0002753704082794714,0.6926649623807399,-0.8664981416900213,-0.49136322083386813,19.61,MUN,"Shorney, Mr. Charles Joseph"
-2.8937795978360117,-1.3781866258233544,-1.110933701742866,0.034769753990064996,-0.7939857785754573,0.6053205439745672,0.4806538203789216,-1.191548509181613,14.52,MUN,"Goldschmidt, Mr. George B"
-3.132228770492007,-2.5853566858063846,0.598015495198247,0.8800568506916244,0.10466748296144224,0.9001414369484656,-1.485324344711194,0.7841217261968566,11.47,CHE,"Greenfield, Mr. William Bertram"
-2.8696346285766143,-1.6061635040000148,-1.9527641931674256,1.5618398977783159,-0.06534184800810279,-0.41812815257544417,0.22145884352102047,0.679373696143175,17.71,CHE,"Kantor, Mr. Sinai"
-3.024455843334269,2.135408926741425,0.13922056922562487,0.5182951830477968,1.0196198292999703,-0.6717539972377186,-1.3146734342032098,2.535601400364883,18.48,CHE,"Petroff, Mr. Pastcho (""Pentcho"")"
-0.48129293915396865,-0.3869070517082056,2.339277155203959,-0.34393955272245713,0.3415249869281498,1.7902239020244763,-0.04212962438475801,1.454787712703834,11.22,CHE,"White, Mr. Richard Frasar"
-1.8535119717664414,-2.3803080207641716,0.1597363820664609,-0.9915149053685471,0.4098240581784909,1.4709582383874589,0.04000392038139545,1.3534602031558676,13.61,CHE,"Johansson, Mr. Gustaf Joel"
-1.9522528761089124,-2.5543490587645072,-0.6067056250022068,0.8371585391865468,-0.5170300145198807,0.46492941501905605,-0.6859711326150165,0.060530834683546,12.78,CHE,"Gustafsson, Mr. Anders Vilhelm"
-2.248891193756314,-3.6808218820707865,0.353460521220526,0.6149536559233426,-1.2225930051622809,-0.3620132196569459,0.7161628325956768,-0.2375140005763678,11.85,CHE,"Mionoff, Mr. Stoytcho"
-2.595570515447742,-1.3020207418528342,1.383592372124957,2.0501605029093244,-1.1029191715881121,0.1660279669583047,0.5395716812077481,0.48951165267933683,13.35,CHE,"Moss, Mr. Albert Johan"
-2.7903198254942354,-0.11741966966297235,4.433432182665858,1.061472902367489,1.0622272056694848,-0.6349643235476274,0.7035247327168042,1.2340499638463798,11.77,CHE,"Rekic, Mr. Tido"
1.8053428838960361,1.0925149247448485,2.8220349919174494,-2.0858015185565195,-0.4404918964209543,-0.8952561813638246,-1.2395327905160323,-0.5534549059428319,11.07,CHE,"Porter, Mr. Walter Chamberlain"
0.13095722801107978,1.1171208711596379,-3.064789236760302,1.3208183083648017,-2.2988952776685982,0.5149182910766259,1.2064833969272086,1.0825692955954143,21.3,CHE,"Barton, Mr. David John"
-0.1985352534975025,1.1669720223832654,-1.389798679821839,-0.8364884577177515,-1.7273720913664463,0.5518430196326367,-0.3658059224126405,1.6769300169074677,20.1,CHE,"Pekoniemi, Mr. Edvard"
-1.6313117340770478,5.060400628688828,-0.8744056623883434,0.48157139752046324,-1.0795625166573628,-0.15464668321053787,-1.9187142431560085,2.186604091931662,24.88,CHE,"Connors, Mr. Patrick"
-0.49096066612403383,1.97951858660163,-1.7597405601459206,-0.05560764538944392,-0.4291909967882748,-0.5423301685793904,-0.8238038104297184,1.7036638438405485,19.26,CHE,"Turpin, Mr. William John Robert"
1.24974143692505,3.5115948513977737,0.725784489602139,-1.9061496526015222,-1.5383748550947798,-2.3631733273780093,-0.09768300924280707,0.593440600482367,19.51,CHE,"Baxter, Mr. Quigg Edmond"
1.0704795889410275,3.9340700717057806,-2.8171363105586966,0.6636810022898769,-2.1506399690026266,0.0470359137549366,-0.7788088102397122,1.134240731102448,23.01,CHE,"Hickman, Mr. Stanley George"
-3.9449363412506098,-3.015476033314336,3.8198109011066204,0.16900385128359538,1.9476894298560268,-0.3090862784855845,-1.0252407159954442,0.9543287107728352,8.07,CHE,"Moore, Mr. Leonard Charles"
-1.323680576243639,-1.8226895128417413,2.835809902658003,-1.4748028375982343,1.1697746233348507,-1.0840690309144017,1.2286361256484732,0.9610883281867607,11.05,CHE,"Nasser, Mr. Nicholas"
-2.014198032252485,-2.8830660866342233,2.816991655071932,-0.7802408120324705,-2.0604277668905064,2.8271029699874544,-0.29672319792967555,0.7699820163518903,12.39,CHE,"White, Mr. Percival Wayland"
-2.013761230946609,-1.3919409151731779,-0.050194660391723996,-0.4310288585287587,-1.167115136976926,0.12315014494282593,-0.48272795761850673,1.0974816414490025,15.95,CHE,"Nicola-Yarred, Master. Elias"
-3.3337994119640806,-3.507833140639734,2.8889678147571916,0.43158113713369145,-0.15996556117973257,0.49626334796069893,0.8984002776051235,1.5226276428911787,9.91,CHE,"McMahon, Mr. Martin"
-1.913916670114666,-0.94464161108737,1.009047790306043,-2.427988394806063,-0.09201167183237188,-0.4189820076934815,0.15561121819682433,2.1216768299373925,16.2,CHE,"Madsen, Mr. Fridtjof Arne"
-3.007154950793717,-3.2653996806174876,2.2249221226364098,1.2411175202282094,-0.35262917957590817,0.5331361573234135,-0.9216346956855759,0.23629821149175567,9.02,CHE,"Ekstrom, Mr. Johan"
-4.102262001745511,-1.9841983586774916,1.6127346571776389,-0.13370288164237887,0.44240823976443644,-0.5672490878055506,0.07068936474457094,2.1142327499776608,14.26,CHE,"Drazenoic, Mr. Jozef"
-3.3619995840984993,-2.807785272992037,0.9191914103270244,0.981359358983291,0.6479546000833383,2.4108787574320294,-2.168681165742826,0.7279664847675855,10.48,CHE,"Coelho, Mr. Domingos Fernandeo"
-0.6722635733743234,-1.2968944392503912,2.2694221683462765,-0.8872441884754034,-0.8851471122237485,-0.4890768805336304,0.623143349984098,0.9217383955795221,11.64,CHE,"Sobey, Mr. Samuel James Hayden"
-2.919585127032785,-2.4799337141493494,2.1010680223000135,0.3860993686779941,-0.22498668872024213,0.14733440249817414,-0.7527776386833643,-0.1802727515348581,12.16,CHE,"Richard, Mr. Emile"
-0.7769949305336082,-2.371065304475593,2.5299401425173023,-1.225261305458423,-0.024092096247274226,0.5347141238974101,0.33195744263027904,0.1553095886831048,10.53,CHE,"Futrelle, Mr. Jacques Heath"
0.1515975634921438,-1.0685535648339424,3.0118010974253298,-1.954025983954163,-0.22415296240794272,-1.6269016127644633,-0.0196097166021651,0.15361857661921324,10.15,CHE,"Osen, Mr. Olaf Elon"
-0.3689317043880073,-1.432384767193469,2.7014495927618136,-1.6492440976483176,0.12814874048686717,-1.2952779027486703,0.5250809573666096,0.3687993132091402,10.74,CHE,"Giglio, Mr. Victor"
-4.309270448200511,-1.1332034955980022,-3.180093709921134,1.9198487051772386,-0.4669488883508602,-1.4081658374212889,-0.40536258491526805,2.1307191597363384,20.86,CHE,"Burke, Mr. Jeremiah"
-2.46788495375229,-2.117209452845996,-2.894064329280705,0.4786298709466294,-1.237988086451453,-0.24530783891982608,-0.3913527373257956,0.4674416554969603,19.64,CHE,"Andrew, Mr. Edgardo Samuel"
-3.037962312411652,-0.0266108370075162,1.938398100294884,0.9950118667720208,-1.5526377514260263,-0.757191793347056,-0.05888683719885235,0.6078757044634954,17.07,CHE,"Nicholls, Mr. Joseph Charles"
-3.5910343524426405,-1.5005398175219682,1.1359510758619584,2.5311542596700978,-0.4002215662765534,-1.0902491203239386,2.2120019053232047,0.5238767609916495,15.31,CHE,"Andersson, Mr. August Edvard (""Wennerstrom"")"
-1.249635042318042,-3.2859212171206535,2.2929836450511725,-1.342835216984282,-1.5740609966376378,-1.2903052025863218,0.25219889699183073,-0.8477982505192035,11.07,CHE,"Navratil, Mr. Michel (""Louis M Hoffman"")"
-0.5830250032161901,-1.389125102674506,1.6709718054483564,-1.131316076503117,-0.6806591809343896,-2.5022433755664273,0.5034822302585976,-0.8529384125731629,12.92,CHE,"Byles, Rev. Thomas Roussel Davids"
-2.087529350879076,-3.549600622652624,2.5930443396273124,0.6514431882459504,-1.2605095116500862,-1.4355531661667111,0.43574539496057396,-0.36476383443420796,8.45,CHE,"Bateman, Rev. Robert James"
-3.025886606189967,-1.3843030510413603,4.996559124048511,1.514696048772676,-0.5231497526598756,0.4721448411360441,-0.2761562213528555,0.3483939202589008,10.16,CHE,"Meo, Mr. Alfonzo"
-3.6085820992241686,-4.0635290205788674,0.8467578762057081,-0.3431078797206455,-1.8262049170345305,-0.9734922018150518,-1.035832533972861,0.1647930919416863,12.55,CHE,"van Billiard, Mr. Austin Blyler"
-5.301491619921652,-5.0186861264541305,1.7146398333219475,2.002404259315767,-1.1328157855239274,-1.4687018339084843,-0.5831865930053339,0.42288521342257646,9.1,CHE,"Olsen, Mr. Ole Martin"
-2.7635312274158674,-2.759688431586502,2.010150442751751,-0.13863231563325232,-3.179744468173574,0.5336275590205469,-0.915264090260338,0.34737988090118127,13.46,CHE,"Williams, Mr. Charles Duane"
1.878708684397276,-1.2441874510434734,0.8860730061445673,-1.4547958930560676,-0.6180283801479699,-0.06593387583025054,-1.0110585221100825,-0.4425626049150022,8.47,CHE,"Corn, Mr. Harry"
2.1103404718111802,-0.5925997345904765,0.9476024013068558,0.4312665024603556,-0.13967253364534482,0.43695731259202797,0.04442325832176677,-0.52884347622539,7.68,CHE,"Smiljanic, Mr. Mile"
2.775386637162611,-2.8454757063766163,-1.932497689459635,-0.8726100388606026,0.13485664001347175,0.42593468339153157,-0.1582019452251373,-0.507956212814658,6.16,CHE,"Sage, Master. Thomas Henry"
2.412837529640178,-2.232563288415672,-3.704428363685807,-0.4212472718545982,1.2970287656652126,-1.2820000602422157,0.5245663068911722,-0.5899439109158475,8.56,CHE,"Cribb, Mr. John Hatfield"
3.2798477645300075,-0.9067293039427041,-0.5949738188015086,-0.09822248468417086,1.1648186141805403,-0.11843089192871624,0.20765776848987255,-1.3338709014402037,6.86,CHE,"Bengtsson, Mr. John Viktor"
1.9691677674063144,-0.35625254106409254,-0.16917178055435717,-0.6750692417900291,0.42773602852269144,-0.3535599940492093,-0.2805545177443294,0.02591817410798046,9.4,CHE,"Calic, Mr. Jovo"
3.4098842160826495,-0.9493214360406592,-1.5133790702547427,-0.2624427622908494,-1.1191017091042197,-0.6354877445619191,0.5215828818469351,-1.5666238411631461,9.17,CHE,"Panula, Master. Eino Viljami"
2.9150617458426655,1.2716977456792682,0.5374369030661852,1.052958089434712,0.4501244761188015,0.7839663953580912,-0.3669683389611921,-0.7520283350577325,8.54,CHE,"Goldsmith, Master. Frank John William ""Frankie"""
3.792312383409509,-0.1142906997376352,-1.5477452736235922,-1.5995611541364803,0.5586801782507118,-0.11502634368517856,-1.2768142478715447,-1.266783167894761,9.2,CHE,"Baumann, Mr. John D"
2.4373089664580756,-0.9834006101150633,-3.5958609019896213,0.46069899225607014,-0.3400314468883998,0.5963313327124211,0.7767031350863871,-0.0680863887854766,11.72,CHE,"Ling, Mr. Lee"
2.9671613982810325,-2.000668486675081,-1.7953206456915112,-0.1038042049434699,-1.2505098235977228,-1.2863447209929062,0.4720903738430091,-2.2659376534467044,8.44,CHE,"Van der hoef, Mr. Wyckoff"
2.534529045858517,-1.3026522893437786,-1.0627706640936696,0.760415129141667,0.8112518433502155,0.6202086043962477,-0.019596608425887913,-1.3323492101299008,7.19,CHE,"Rice, Master. Arthur"
1.7732232764188745,-2.282252523530428,-3.3344585344229802,2.6671171496162307,1.1000078822785122,1.6826048688579596,1.9089457195824844,0.24234557046428287,6.46,CHE,"Sivola, Mr. Antti Wilhelm"
2.4958701997930577,0.645466424212182,0.5459067951300963,0.9194420656801559,1.0474462285899915,0.24864695696109157,0.9744160549762492,-0.6729482064559571,9.0,CHE,"Smith, Mr. James Clinch"
1.6853605186723588,0.3522136094801046,-0.7205681076445946,-0.8405544630731754,0.47786588131534896,-0.4455756552340507,1.09797420411768,1.086039722634572,12.61,CHE,"Klasen, Mr. Klas Albin"
0.9242459306734628,-1.9477566947077392,-1.8026657773055248,1.493783304750743,0.5770560120442045,1.7477256828648182,0.5517133043280135,-0.09674360255724761,9.03,CHE,"Lefebre, Master. Henry Forbes"
3.403900245829847,-1.4543733451309218,-1.4104383504622864,0.10632140571780119,1.3711706197315452,1.210590097863337,1.6354352973132564,-0.5315549921303815,6.96,CHE,"Hale, Mr. Reginald"
2.3996889331287443,2.268754708091747,0.8574945844270546,1.8221953110297235,0.7165750989446611,-0.13405356021958076,0.7205927951584266,-0.570170592958213,10.05,CHE,"Leonard, Mr. Lionel"
2.8608841657454547,-0.37543701011196645,-0.7739896517929774,-0.44535017542374905,0.9476074042462398,-0.3306424628278934,1.7016364869042282,-0.17642725354144093,9.56,CHE,"Pernot, Mr. Rene"
3.9517736031258295,0.6933307025976392,0.9528359725854362,-1.272510957545445,0.16112532491486048,1.0440266235822337,1.1647166104445175,0.022055247704143476,9.36,CHE,"Asplund, Master. Clarence Gustaf Hugo"
-0.03719154841606863,-2.155978446057773,1.187931135846422,-1.0368470512252113,-1.5973821388827072,-2.244723978856897,0.1290644454259351,-0.8447947554091418,10.81,CHE,"Becker, Master. Richard F"
5.336846791852289,-0.10991191610368,-1.066181105951012,-0.8241738714351655,-1.3776324829388216,1.307265733923631,1.6795154865857391,-0.9821994870524332,8.61,CHE,"Rood, Mr. Hugh Roscoe"
3.2368454965068834,-0.3445663701329337,-3.454414407289816,0.5975163226666588,0.05196457206591859,0.39207380673502945,-0.989878896356769,-1.008092873162919,9.53,CHE,"Romaine, Mr. Charles Hallace (""Mr C Rolmane"")"
3.822449345590548,0.22333802189749047,-0.37981708772949857,-0.602600745746762,1.6138734324184036,-0.5225347199258725,0.3425627305260395,-0.7746419957924109,7.42,CHE,"Bourke, Mr. John"
3.674413606996695,3.3037845116276086,1.1461285633463003,0.607908440702609,1.1986874598878867,-0.8875747194139525,1.0724719207825422,0.01824753306523089,9.79,CHE,"Turcin, Mr. Stjepan"
2.585699048441916,-1.0361288188718016,-3.504913371422146,0.3740495421456001,1.5049004666341435,0.6424864618259969,0.11131744491598776,0.08577605412542591,8.97,CHE,"Carbines, Mr. William"
3.7210362622712876,-0.8311236397780295,-1.8693287695692173,-0.7274038374917535,0.8986548166308138,-0.15803344005943612,0.4746531623021898,-0.3247492970703237,7.49,CHE,"Navratil, Master. Michel M"
2.6205228568410823,1.957690721010573,-1.0966889459364828,1.2570374794873185,-0.1695931182236782,0.9648584392539119,-1.4301056919667492,-1.167100255193315,11.95,CHE,"Mernagh, Mr. Robert"
4.03620919690523,-0.14981035193819608,-0.5987933500833243,-0.9471664326921567,2.0100815181334926,0.3087442446995192,0.37195089481149723,-0.8618151733169778,7.35,CHE,"Olsen, Mr. Karl Siegwart Andreas"
1.7664982757529002,-2.0592630030709613,-0.8596948053876681,1.2940439450186454,0.5635372759884119,2.17742397652067,-0.9168939931038987,-1.89136035322973,7.16,CHE,"Vande Walle, Mr. Nestor Cyriel"
3.4768136986775766,-0.8025515490365722,-2.2772713300405405,-0.1129604484756891,0.5752276545679588,0.2341513563768708,0.549420784312907,-0.9588973650808453,8.77,CHE,"Sage, Mr. Frederick"
2.7424094529697842,-0.435180690360139,-0.9438791324010439,-0.46363715801820077,0.5067085216500576,0.8538777581004061,0.40874686495818735,-0.06268910169053551,9.56,CHE,"Johanson, Mr. Jakob Alfred"
4.78075267033382,3.5408013555343922,-2.883066192559067,-1.1903931026246377,1.8627508482946338,1.1182466887075009,-0.9668355072791672,-0.3684696116524743,14.53,CHE,"Youseff, Mr. Gerious"
2.3809546917261604,0.6478870565017539,-0.9249213907774998,0.5812545980372834,3.4842357641788486,-0.22831138592262903,0.7210889132587259,0.09689329367785983,8.51,CHE,"Cohen, Mr. Gurshon ""Gus"""
1.6763987311186594,2.6666855426604004,0.12691640445558514,1.9384462299459635,3.1550495171951853,0.3683996160742837,0.49370729280360787,0.43239494073745977,10.64,CHE,"Backstrom, Mr. Karl Alfred"
2.9419576349637118,0.19187227038905294,1.0522761574290633,0.045850202361970314,0.8314074126314958,1.356682156414601,-1.5920950988218223,-1.2320263169156151,7.06,CHE,"Albimona, Mr. Nassef Cassem"
0.7073175953153205,1.9493401690103813,0.31504811973795394,3.2998181181249575,2.795652381502232,1.0255867828355738,-1.4878714513860818,-0.743878674905037,8.87,CHE,"Blank, Mr. Henry"
2.283852671994239,-0.8483430723185686,0.6915468296023969,0.6074255878241599,1.0512199453578752,-0.3188336041818987,-0.819703248615277,0.41766259194810973,7.88,LIV,"Ali, Mr. Ahmed"
2.2525213944237428,-0.8809192614294036,-1.0898428154672994,0.37574323543761073,1.405171007751154,-0.45539285797294643,-1.2609766506425257,0.3846919277757393,9.2,LIV,"Perkin, Mr. John Henry"
1.07454750593053,-1.4768430816066058,0.1660742242371396,-0.4478630004572542,2.5109406833841263,0.17146391612237813,-2.8540284088896475,0.6257314520879501,7.19,LIV,"Givard, Mr. Hans Kristensen"
0.571871486837601,-3.5131776744801684,0.531074954928196,1.8978384351129634,-0.7760011016857793,-0.5207862735158295,-0.8505950229849978,-0.04789372587460982,6.06,LIV,"Kiernan, Mr. Philip"
1.543802245275213,-2.0687448537881306,1.8153654973822373,0.6358936788946608,2.0598532691600795,-0.9278526341615535,-0.8277961273293594,0.2512884110686205,5.63,LIV,"Jacobsohn, Mr. Sidney Samuel"
2.567046635847036,-1.7960674979903488,1.6537495398463016,-0.2775804606686037,0.8286593232243862,-0.25456706984824556,-0.7976723639954602,0.07514949396697795,6.59,LIV,"Harris, Mr. Walter"
3.214084167276351,-0.7564643427053819,0.9123209360407459,-1.9524265738074487,0.21378300497972424,0.6704222259892345,-1.4244602766512897,0.5395217456683475,9.5,LIV,"Sunderland, Mr. Victor Francis"
4.234132512452371,2.9883833641893207,-0.461696962379751,-0.8979792381180971,0.5341513653543314,0.3566971200792907,0.37960479056257335,2.632942984416678,13.97,LIV,"Bracken, Mr. James H"
5.3357088562834125,2.9330065639256615,0.6089900268374802,0.1073274667742274,-0.8543851651412439,1.257009466447163,-0.40721968851698365,0.44431632113689823,11.66,LIV,"Green, Mr. George Henry"
3.1049314196805824,-2.018892896742807,-0.006034572205676372,0.006096552465344908,0.5703890384869714,0.32132319639211904,-0.6269557601478339,0.38705296326928373,6.43,LIV,"Nenkoff, Mr. Christo"
2.1755068404431612,-2.789624116550883,0.9947361775033934,-0.26926514149856823,-0.8849136959446927,1.1295312684850658,-1.4475848817301487,0.2032867858718649,6.99,LIV,"Hoyt, Mr. Frederick Maxfield"
1.3986656748102522,-4.127325503440521,-0.9587246675296462,1.6865249552378376,-0.3038142154361678,1.595501277052562,-0.891891095272115,-0.4599257216396771,6.0,LIV,"Berglund, Mr. Karl Ivar Sven"
2.1208360907477313,-4.034961576161204,-2.066965814822167,0.28337053641058013,-0.4063489889878446,0.17702779155717194,-0.41017524450090503,0.39019235819256587,6.56,LIV,"Mellors, Mr. William John"
3.038408986878743,-0.78777041623271,3.7388813844438213,0.1582540004961058,0.2746485385051786,0.2351679042046448,-0.8878903693826954,0.055438522763042446,6.03,LIV,"Lovell, Mr. John Hall (""Henry"")"
2.1580061696451516,-2.3835088902018735,2.3791580004222874,0.3115667701065251,-0.5484679227722462,0.19262190839895527,-1.0835881130066993,-0.512623703848614,6.33,LIV,"Fahlstrom, Mr. Arne Jonas"
-0.7826831827995777,-4.866788531815807,0.1227219257526653,1.6737744886914663,-0.5566211947015491,1.5926703389695436,-1.153128772119427,0.6025665174830631,6.82,LIV,"Larsson, Mr. Bengt Edvin"
2.935064051195801,-2.384033594808366,0.08382536871040555,0.0402819327953499,1.2537722950872348,-1.1855452562845137,0.473160883533927,-0.04824747474240049,6.2,LIV,"Sjostedt, Mr. Ernst Adolf"
0.44383629043204204,-3.6108116867900533,1.676635831398636,2.230562461275089,-0.9971406597791211,0.2070759405483114,-0.573517727674536,-0.519344223033856,5.93,LIV,"Leyson, Mr. Robert William Norman"
2.6426588390728822,-3.0719134453273926,0.5050811488598994,0.19207018012870958,-0.6791027925547405,0.6360074956478596,-0.09623245686273608,0.645059850364179,5.8,LIV,"Hold, Mr. Stephen"
1.8831197777790925,-4.18161107143691,-1.6074509604462939,-0.07405048427725573,-0.19590063825502121,-1.3365506838572072,0.28132389405286534,0.35551471066276813,6.56,LIV,"Pengelly, Mr. Frederick William"
2.668477840124433,-3.665928918288856,-1.610258978787649,-0.24519403880629065,-0.6023601986366315,0.9884333264966594,0.699227616065701,1.4254207165394603,6.76,LIV,"Hunt, Mr. George Henry"
3.6648789032404343,-0.17821393754675713,1.4214000515363583,-0.08557680990113495,1.5968661972875362,-0.6565897025660643,0.3117966622867545,0.447737215363642,7.22,LIV,"Coleridge, Mr. Reginald Charles"
7.36830656461109,-0.26150270169703654,-5.155929030348798,-0.16146782545138846,-1.294389425706894,1.3031478647962476,0.11998731964630709,0.48297613961278146,8.51,LIV,"Maenpaa, Mr. Matti Alexanteri"
4.773539108388729,-1.5132806878217218,-0.14629636059381074,-2.9498376440393925,0.7546321285464059,-2.2691611662803246,0.855057813949034,0.6214841195297467,7.72,LIV,"Attalah, Mr. Sleiman"
3.899556841274526,4.488609591745873,-1.3187092627730463,1.4862775076891035,-2.6754437453025086,-0.12086415729122943,0.9156413004748546,0.9190898691874513,19.94,LIV,"Minahan, Dr. William Edward"
6.470279970153383,2.2012544569351045,-4.610447828254521,-0.6794869423250721,0.3252498460457236,-0.4017824885717892,0.9080075298045123,1.7151031323077905,13.91,LIV,"Beckwith, Mr. Richard Leonard"
3.5958803291979002,-0.982346238905408,2.9820610360773885,1.203380002758897,-0.07391054463756197,-0.6474088628597939,1.9064526462049691,-0.4038094934010648,6.1,LIV,"Carter, Rev. Ernest Courtenay"
2.8321872744100345,0.34542215081410793,2.2940005337497884,1.9373746320563539,0.9006074361645594,1.0374374074267607,0.3847566688039473,0.5022409215111399,7.52,LIV,"Reed, Mr. James George"
1.6929163189804166,-2.4541986995824563,1.236971795112664,0.404071776325119,1.0959424316736064,-0.9817279364553907,-0.1655879272340007,0.6303008817336274,6.06,LIV,"Lobb, Mr. William Arthur"
3.693410525523666,-1.0338114172322816,1.3626156711606967,-0.43853277742043084,-0.8813357320611638,-1.3113778867430566,-1.057535384563871,-1.060843928982746,7.35,LIV,"Smith, Mr. Thomas"
2.8723680953391924,-3.324399817468863,-1.6289948550962963,-0.09605284983864872,-1.2652627116544075,0.2289205735202289,-2.242595605533254,-0.08324618709890953,6.0,LIV,"Asplund, Master. Edvin Rojj Felix"
0.9909364576737133,-3.7372630738944035,-0.7065556068039012,1.3320096411027822,-0.362327388085282,-0.31384465390680777,-0.5532024125067758,-0.17349979671631535,6.92,LIV,"Taussig, Mr. Emil"
2.515777740397588,-3.2493753733697517,-0.3139588661536838,0.9155877547571276,-1.1613572874122866,-0.8531465159619898,1.4051584117559779,0.1701951087142953,6.33,LIV,"Harrison, Mr. William"
1.9428930583406683,-1.3936389077992422,0.9753943476744339,1.0892250119186264,1.0892679673654855,-1.4372527487750684,-1.1491970533725246,0.42269637275425764,5.9,LIV,"Reeves, Mr. David"
3.2339308805759868,-1.9604801654081934,-0.5323422826137333,-1.3725386409027691,-0.7319132013640596,-1.9251766490373121,-0.323350516313096,0.07791587478330743,8.84,LIV,"Panula, Mr. Ernesti Arvid"
4.838681162105889,-0.7539400992419437,1.9661777619800813,-0.8320556747771124,-3.0337413921796847,-0.3761294034897354,1.7006921739508014,-0.47067351640061794,8.94,LIV,"Persson, Mr. Ernst Ulrik"
2.3357268545970045,-2.9727143053445966,1.9033265526156133,0.926236992401639,-1.3202603923467648,-0.04679357819254442,0.9132324393891503,-0.8241136176202344,6.53,LIV,"Cairns, Mr. Alexander"
5.236558821181476,0.035633656166406034,-2.051137153422603,-1.5907017474491663,0.40266464588791967,-0.3799551045760216,-0.2328606179988719,1.0918750539687507,9.4,LIV,"Tornquist, Mr. William Henry"
5.097281861694598,1.5240569260987118,1.4313876368232934,1.2007925642254818,0.8135767808815914,0.4559608124844651,1.7638123652576858,-0.008221670427379684,8.18,LIV,"Natsch, Mr. Charles H"
4.289250819557372,4.473987588377697,-2.6939779621766973,1.888718929244514,-1.3942066961784738,-0.45124762264643425,-0.6567562319552279,0.9651509837610258,17.41,LIV,"Parkes, Mr. Francis ""Frank"""
4.091766074243196,3.811628157554999,-0.8435713418416537,1.2471573898049708,-2.3327541676123627,0.3233457138730489,1.4751597669089804,1.1738792530749609,18.08,LIV,"Rice, Master. Eric"
3.460018260452509,0.23841674768925267,2.01208577244195,-0.20361405581331093,-0.9517381162714038,0.5384218367814081,-0.19814495678058008,0.15899786824157874,9.86,LIV,"Duane, Mr. Frank"
6.6225964424881685,2.0485020267630114,3.7680242357449925,-1.7278122698205414,-1.572619987520358,0.7739176791401401,-1.7847259031784297,-0.6357389329814845,7.29,LIV,"Olsson, Mr. Nils Johan Goransson"
1.5135216557506488,3.2246542118341988,0.08476184420723155,1.605930019725001,0.18452589183213453,0.061869352560907385,0.7096868560388919,1.2943900575766407,18.72,LIV,"de Pelsmaeker, Mr. Alfons"
3.279020383830475,2.01181927746842,2.8773624247821816,2.162355598602512,-1.1279929432709017,-0.5765925373406516,1.114624545412796,-0.53452516059407,10.12,LIV,"Dorking, Mr. Edward Arthur"
2.028241069570103,2.3755720782062855,-1.8469105436670046,-0.2506767911500063,0.5822940567430406,-0.7857676910556758,-0.8956198338856306,1.0688661352681874,19.17,LIV,"Smith, Mr. Richard William"
3.803676935929968,4.3923122805511765,0.5132059042395595,-0.26061041312931066,-1.4341761412281957,-1.3077677057790467,-0.8761470195706448,0.379975356598379,17.24,LIV,"Rice, Master. Arthur"
4.646472465392765,4.196609597676677,5.0976949979919,0.8105808215010204,0.39529189039144813,-0.7621232619181428,0.16961236799552265,-1.12471454583785,9.89,LIV,"Rice, Master. Eric"
4.884119513318601,5.309692007270476,3.761081113397549,0.14909108733682985,-0.23862639463911225,-0.6523417930319718,-0.4179487282065932,-0.7388099309635507,13.06,LIV,"Rice, Master. Eugene"
2.0381839344291874,-1.4106072864483241,-0.8514262954566744,0.7911165342171068,0.022020096627638958,-1.8054696961103522,-0.4344271569454821,0.3072840121941015,8.84,LIV,"Rice, Master. George Hugh"
4.826429912290003,2.018855923131586,1.7454013457022726,0.45610224712876657,0.9661249974623042,0.8941419274791604,0.2471546089157538,0.3744747618561469,8.87,LIV,"Rintamaki, Mr. Matti"
2.0357004837398573,0.8825188131158522,-0.5650392923380858,0.26255200889522373,0.8841610676462196,-1.6562443591706868,0.963383355977093,0.8809815381275393,14.69,LIV,"Risien, Mr. Samuel Beard"
4.304882844108823,0.6142014913289295,-1.0129122170946394,0.08802718117096216,0.7862423538697823,-1.4289976364329107,-1.7043383599952073,-0.7586955867339268,8.64,LIV,"Robins, Mr. Alexander A"
4.186612793751278,2.4468906365014034,-0.6105055841770868,-0.08453390127008936,0.1365145195113717,0.38015983686205795,1.2319893834675097,1.260352332235953,14.98,LIV,"Rogers, Mr. William John"
2.432983609564512,-2.113086640779114,-0.39559795152372024,-0.2790168108000448,0.7199597833388343,-1.156527826670978,-0.6382315563651437,-0.02746988632315832,7.82,LIV,"Rommetvedt, Mr. Knud Paust"
4.201207460161927,5.309589292730633,6.341809229380993,2.338797501768312,1.08990182387313,1.4078195506178008,0.004408908765470194,0.23606562012696636,8.97,LIV,"Rosblom, Mr. Viktor Richard"
4.4667009349275375,0.7396715159485167,-1.5563469348098655,1.216249354960751,-1.0183177827382621,-0.6169359125255697,0.8932425408367007,-0.7794405412797499,11.63,LIV,"Rouse, Mr. Richard Henry"
5.475956158708286,0.6801739656049636,-2.7861379045173784,-0.5246851262933538,-2.1771772979821704,0.6307329814784315,0.26393284405498757,0.31884592616271196,13.49,LIV,"Rush, Mr. Alfred George John"
3.0618999667253775,0.8930550870370494,1.6144330885377927,0.3180621542014992,-0.7028406891282306,0.6134469947749003,-1.5008236506607118,-0.012423564232190135,10.25,LIV,"Ryan, Mr. Edward"
3.9096225507601723,1.2870358579209105,-1.1408476309538955,0.7475815008372207,-0.6262252015810109,1.0560811670110755,-0.523020022440129,0.9577132683840061,11.79,LIV,"Ryan, Mr. Patrick"
5.366911937660552,0.8472040258495563,0.6225643241152252,-2.2596544145176027,-1.0188250044267069,-0.08158326384387658,-1.509545175869545,-0.17785320334350205,10.05,LIV,"Saad, Mr. Amin"
1.7648437478977528,-1.5329431766422197,-0.14878776993232445,1.035820381475589,0.5631731278370367,-2.303109981813515,0.6485840808023798,0.26239152044396363,8.51,LIV,"Saad, Mr. Khalil"
1.9810763892898806,0.6969086776358799,1.9821940314460509,1.9577088565333376,-1.2387560674497033,-1.4174893905033104,1.5483106793453143,-0.2591457193412042,11.5,LIV,"Saade, Mr. Jean Nassr"
3.4465761205709593,-2.025575236237995,-0.003234858109052971,-1.0596172217110216,1.3362332342197087,-1.3654232760305618,-0.6546217323188801,-0.050558846965171975,6.26,LIV,"Sadlier, Mr. Matthew"
