AgentCharges,BMI,PreviousClubCost,GoalToShotRatio,ShotsPerDistance,ScoringRate,GoalsPerMillion,ScoreToAgentRatio,ExpectedScore,ValueAssessment,ClubMeanScore,ClubStrengthIndex,Score,Club,PlayerName
-0.35537202370696125,-0.8821524776101082,-0.11733306008765207,0.937245613927376,0.10151798219808691,1.686296668000407,-0.9810348714649237,0.2776521855259135,1.2880975763446048,-0.8824475642098835,1.5200169580528478,-1.021786137880226,19.75,MUN,"Braund, Mr. Owen Harris"
-0.18695522025255695,-0.8400773661119836,-0.4823764388079671,1.2835891873414886,-1.5436797152865276,1.4335537247085874,-0.7622458031417059,0.207958122800081,1.0868442498066058,0.7861634330008039,1.5200169580528478,-1.021786137880226,21.3,MUN,"Allen, Mr. William Henry"
-1.176403940547182,-0.3849011599050125,-0.7265039813903158,-0.4763882619820837,-2.1100565793507533,2.1031043005405263,-1.3630370219620251,2.978994056779181,1.1443452002460344,-0.28359793341881673,1.5200169580528478,-1.021786137880226,19.88,MUN,"Moran, Mr. James"
-0.16590311982075642,-0.3772511396326266,-0.5872211828010133,-0.5586456505410736,-0.19202601280893952,1.7602513247123774,-1.470119699493171,0.33772427196638727,1.840745600012444,-0.508454577902223,1.5200169580528478,-1.021786137880226,23.66,MUN,"McCarthy, Mr. Timothy J"
-1.0079871370927778,-1.494154099400994,-0.8918066434523448,-0.04388757161139806,0.39244145208421694,0.3568948871057469,-0.6903229884816028,1.4986551915049255,0.36808236931375266,1.164728307873725,1.5200169580528478,-1.021786137880226,17.64,MUN,"Palsson, Master. Gosta Leonard"
-0.7343098314793709,-0.698551991072842,-0.8481851076304204,-1.101527097685443,-0.31501437556831174,1.7231751264944764,-1.167696126145889,0.46044975576109737,0.20516300973537294,0.503822493142752,1.5200169580528478,-1.021786137880226,15.58,MUN,"Saundercock, Mr. William Henry"
-0.08169471809355427,-0.4499263322202935,-0.3583994422614447,-0.6106315083598104,-0.889075212025942,0.9548739078680222,-1.1263063623796252,0.03559861020258899,0.5885026793315619,1.7936496488140643,1.5200169580528478,-1.021786137880226,19.99,MUN,"Andersson, Mr. Anders Johan"
-0.6922056306157698,-0.8592024167929491,-1.2645029231940503,-0.4701894396385233,-0.7684515853510857,0.8566699927052444,-1.172948548856747,1.0677391713028477,0.9303138847214966,2.0381182965241424,1.5200169580528478,-1.021786137880226,22.43,MUN,"Rice, Master. Eugene"
-0.7553619319111714,-0.08655036928195481,-0.7869618994592986,1.3288006388677365,0.3449378671943524,0.47819067003409244,-0.07333353902395315,0.752905544594039,0.2019685124887377,1.9536993933570816,1.5200169580528478,-1.021786137880226,17.95,MUN,"Williams, Mr. Charles Eugene"
-0.6922056306157698,-1.3105536128637278,-0.8749702612052864,-1.1453729788390605,-2.008016861973666,0.32693541187524816,-1.0021192963775964,0.3359807549456875,-0.11748121217475223,1.3613186523093754,1.5200169580528478,-1.021786137880226,15.07,MUN,"Fynney, Mr. Joseph J"
-0.818518233206573,1.103027783074081,0.28138308312677984,-0.8913551405809859,-0.870447907909365,0.3869990941006441,-1.6311070328204516,2.15663797607803,2.917291172128407,-1.2647284830322993,1.5200169580528478,-1.021786137880226,28.83,MUN,"Beesley, Mr. Lawrence"
-1.0711434383881795,-0.6373518288937533,-0.2298307051020886,0.042204371902972715,0.6524156166633172,-0.29756232523537485,-0.5011809238117069,1.8797248638680615,0.2562749656815311,1.8361675283472472,1.5200169580528478,-1.021786137880226,18.08,MUN,"Sloper, Mr. William Thompson"
-0.9869350366609773,-0.3198759875897301,-1.265268213296189,0.48983668459072516,1.085535136173918,0.3869990941006441,-1.027188392400121,2.235304796677067,1.5660188368018422,0.26675653819853035,1.5200169580528478,-1.021786137880226,23.3,MUN,"Emir, Mr. Farred Chehab"
-0.6079972288885677,0.9844524688520971,0.10613164973694272,-0.35767412472627635,1.242108859189486,0.5088844199824246,-0.9811831516231662,0.45172650988805046,0.6843375967306083,0.06331091766315178,1.5200169580528478,-1.021786137880226,17.71,MUN,"Fortune, Mr. Charles Alexander"
-0.9869350366609773,-0.09037537941814845,-0.5305897152427252,-0.6572926691512901,0.6024421811394729,-0.27054016394579367,-1.1090043092666606,1.5747337479981305,0.9079524039950515,-0.1022066041609475,1.5200169580528478,-1.021786137880226,18.77,MUN,"Todoroff, Mr. Lalio"
-1.0079871370927778,-0.3849011599050125,-0.6377303295421887,-0.43639886671310224,-0.3028105568589695,0.7280058060899901,-1.1759511803677336,1.8290161407186434,0.9942038296541944,0.22912110497364213,1.5200169580528478,-1.021786137880226,19.83,MUN,"Uruchurtu, Don. Manuel E"
-0.7132577310475703,-0.22807574432109773,-0.7708908073143791,0.5902897099741122,1.5062365028165978,1.6496143715196026,-1.1773288869359906,1.3973402906522956,1.8247731137792689,0.45964873094133196,1.5200169580528478,-1.021786137880226,25.16,MUN,"Wheadon, Mr. Edward H"
-0.9027266349337751,-0.6105767579404019,-0.6538014216871082,0.5802790188677907,1.2167497787984352,-0.27054016394579367,-0.06909450346254771,1.1587995816503618,0.03585465566372335,2.6091553230636073,1.5200169580528478,-1.021786137880226,18.04,MUN,"Meyer, Mr. Edgar Joseph"
-0.5027367267295649,0.230925472022067,-0.14488350376465692,0.5945775059899314,1.3104672532556567,0.26744650172856704,-0.727338830856765,0.6362215633387439,0.9335083819681302,1.6381560303730596,1.5200169580528478,-1.021786137880226,21.79,MUN,"Holverson, Mr. Alexander Oskar"
-0.37642412413876175,0.12382518820866276,-0.6254856879079645,-0.1218156239304409,-0.9665488601324684,-0.35123816379694794,-0.9347651433365263,0.4874249537252056,0.8951744150085118,2.055978566419215,1.5200169580528478,-1.021786137880226,22.25,MUN,"Mamee, Mr. Hanna"
-0.7132577310475703,0.11617516793627684,-0.18850503958658135,-0.4176424994646524,-1.2893132653531567,1.088150649874652,-0.9401857191041648,0.4908736275182547,0.36808236931375266,0.32115527819285067,1.5200169580528478,-1.021786137880226,16.25,MUN,"Cann, Mr. Ernest Charles"
-0.7764140323429719,0.6402015565947226,-0.13799589284540598,-1.7975804609991304,0.5268946366585814,1.9105656676228804,-1.431298361378928,0.6290818162800499,0.1955795179954682,1.0239957712775984,1.5200169580528478,-1.021786137880226,16.38,MUN,"Kraeff, Mr. Theodor"
0.3182951901106559,0.035849955076222635,-0.6736989643427232,1.296474928276133,1.1563757845149245,0.3568948871057469,-0.14722048144931973,-0.24223288973728638,0.4543337949728952,1.890532613621676,1.5200169580528478,-1.021786137880226,19.35,MUN,"Rogers, Mr. William John"
-0.6079972288885677,-1.1881532885055506,-0.857368588856089,-0.5553416834105873,-0.4669381426086712,-0.5611490324573859,-0.9521172261209069,0.5875227105684608,0.7098935747036876,0.8751363324764838,1.5200169580528478,-1.021786137880226,19.2,MUN,"Lennon, Mr. Denis"
0.00251368363364787,0.18885036052394377,0.045673731667960384,-0.6321061963146393,1.5835102101256826,0.44764591887192035,-0.8465840758024663,-0.14594011203797838,0.23710798220172155,1.7901862262509245,1.5200169580528478,-1.021786137880226,17.89,MUN,"Samaan, Mr. Youssef"
-0.12379891895715534,-0.07507533887337525,-0.017845346809578538,-0.7882367091119594,0.8302839111991798,0.47819067003409244,-0.29303001894693964,-0.41063520274175,-0.5167933680041151,1.0638702883501276,1.5200169580528478,-1.021786137880226,12.2,MUN,"Panula, Master. Juha Niilo"
-0.8395703336383735,0.5254512525089311,-0.36758292348711336,-0.43639886671310224,0.7636545620841827,0.8892401354225491,-1.2827068160782082,1.639801631857621,1.3519875212773032,1.2836655639588421,1.5200169580528478,-1.021786137880226,23.7,MUN,"Nosworthy, Mr. Richard Cater"
-0.12379891895715534,0.5139762221003529,-0.6407914899507452,0.2888219184285141,0.8364571426539333,0.26744650172856704,-0.9826810558143021,0.3589322254832214,1.3392095322907633,1.930701925973987,1.5200169580528478,-1.021786137880226,24.69,MUN,"Ostby, Mr. Engelhart Cornelius"
-0.08169471809355427,-0.9204025789720378,-1.784134902546448,0.6084056481409513,0.314810890553981,1.3630339302633272,-0.40360573315239057,-0.168751138141344,0.18919052350219834,1.1684822661298764,1.5200169580528478,-1.021786137880226,16.58,MUN,"Woolner, Mr. Hugh"
0.17093048708805214,-0.7865272242052822,-0.923948827742184,-0.2854645338004301,0.5873204913654542,-0.0216584821618595,-1.1742781788632448,-0.05735109075191873,1.4286554551965411,-0.3470015720773135,1.5200169580528478,-1.021786137880226,21.47,MUN,"Novel, Mr. Mansouer"
-0.2711636219797591,-1.0313278729216357,-0.9285405683550183,-0.5109363651768593,-0.08739352695118383,-0.5611490324573859,-1.0652308859870545,0.21294392882585242,0.9910093324075595,0.41667289602522617,1.5200169580528478,-1.021786137880226,20.12,MUN,"Goodwin, Master. William Frederick"
-1.2185081414107832,0.07410005643815223,-0.27268695082187416,1.820541080121694,0.4439678630818768,0.006642661460197142,0.059265203386083064,2.869244248528818,0.36808236931375266,1.0858329885510538,1.5200169580528478,-1.021786137880226,17.51,MUN,"Sirayanian, Mr. Orsen"
-0.7974661327747724,0.5866514146880197,-0.40278626818550806,-0.18332904395249358,0.5558537841053653,0.035076674301141544,-1.1355329448636227,1.4961023496072428,1.3008755653311443,1.4685382080364953,1.5200169580528478,-1.021786137880226,23.7,MUN,"Harris, Mr. Henry Birkhardt"
-0.7553619319111714,0.4221759788317191,-0.24131005663417388,-0.4289098745506676,-0.22452347493440217,0.47819067003409244,-1.3642503343671555,1.2266473401253715,1.7512996771066658,-0.9556740318416602,1.5200169580528478,-1.021786137880226,22.39,MUN,"Skoog, Master. Harald"
-1.3448207440015865,-0.09420038955434074,-0.18314800887160815,0.015664203505383452,-0.3860320803368544,-0.3778935121982734,-0.774930613673473,5.712584896702034,0.7162825691969575,1.598498350173594,1.5200169580528478,-1.021786137880226,20.43,MUN,"Stewart, Mr. Albert A"
-1.1974560409789827,-1.4176538966771335,-0.8963983840651791,3.849478142301825,-0.7973150003504524,0.15016030921188037,2.715922574304155,1.3071514357849185,-0.6317952688829723,0.9275665022661448,1.5200169580528478,-1.021786137880226,11.29,MUN,"Moubarek, Master. Gerios"
-0.37642412413876175,-0.6564768795747188,-1.3593988958592889,-0.14887567989319428,-0.23167552683992887,1.5048158327795893,-1.2418266364388104,0.7106058782423905,1.3232370460575889,2.3344002581245835,1.5200169580528478,-1.021786137880226,25.26,MUN,"Crease, Mr. Ernest James"
-1.1553518401153815,-0.5608516261698927,-0.8734396810010087,1.0015520961256097,-0.9843860088151177,1.686296668000407,-0.6773576905085439,2.693316631552789,0.6460036297709892,1.2215356811989946,1.5200169580528478,-1.021786137880226,19.39,MUN,"Kink, Mr. Vincenz"
-0.9869350366609773,-0.7023770012090343,-1.230064868597794,0.22987430974679882,-1.7807156022247979,1.6131266760811374,-1.0473819835412386,1.7001401722506435,0.9430918737080356,0.29261633470872406,1.5200169580528478,-1.021786137880226,19.63,MUN,"Jenkin, Mr. Stephen Curnow"
0.023565784065448406,-0.41932625113074984,-0.6736989643427232,-0.3016589571729817,0.44074066351904556,1.2586209012784804,-1.3684925947741258,0.1337937426781063,1.7033822184071412,-0.34539723638560255,1.5200169580528478,-1.021786137880226,23.11,MUN,"Hood, Mr. Ambrose Jr"
-1.176403940547182,-0.5685016464422786,-0.6430873602571618,0.20317077052888807,-1.6581453356568858,2.0254575731671807,-1.004133893826051,2.3498787723230508,0.6907265912238781,-0.4756521738024858,1.5200169580528478,-1.021786137880226,16.86,MUN,"Chronopoulos, Mr. Apostolos"
0.676180897451265,-0.5340765552165414,-0.8986942543715963,-0.771686491734361,-0.33840746690724843,1.7231751264944764,-1.3817961562611272,-0.3066703123713717,1.2178186369186377,0.3245650239860741,1.5200169580528478,-1.021786137880226,21.32,MUN,"Bing, Mr. Lee"
0.5288161944286612,0.6057764653689852,-0.7992065410935233,0.3242596303925945,1.2439057084049407,2.06417457147389,-1.466194198338844,-0.022782835639905637,2.805483768496185,-2.2318843561834925,1.5200169580528478,-1.021786137880226,26.57,MUN,"Moen, Mr. Sigurd Hansen"
-0.12379891895715534,-0.09037537941814845,-0.6798212851598353,-0.37740706649620337,0.28515052701983035,2.142248518472544,-1.242645217318439,-0.05758305192276793,1.0325377966138116,-1.0626188143390245,1.5200169580528478,-1.021786137880226,17.93,MUN,"Staneff, Mr. Ivan"
-0.2711636219797591,-0.025350207102866087,-1.0127224795903111,1.5556824214508205,0.6077482408958652,0.3869990941006441,-0.8351837099681158,0.5444598214265189,1.840745600012444,0.28656748604162136,1.5200169580528478,-1.021786137880226,24.97,MUN,"Moutal, Mr. Rahamin Haim"
-0.18695522025255695,0.27300058352019024,-0.5038045616678594,2.821682768264433,-1.1976715210958038,1.6131266760811374,-0.5389308810437868,0.29287765769063406,1.4446279414297158,0.2931458591182088,1.5200169580528478,-1.021786137880226,22.62,MUN,"Caldwell, Master. Alden Gates"
0.023565784065448406,-1.0734029844197603,-0.5795682817796229,0.2325316023996192,0.07609193753045554,2.3010061265756536,-0.5933308194126627,-0.32049607684128445,0.03904915291035798,0.7587329555187923,1.5200169580528478,-1.021786137880226,15.01,MUN,"Waelens, Mr. Achille"
0.634076696587664,0.05497500575718812,-0.5780377015753452,1.7818378368144219,0.4879685615990706,1.6131266760811374,-0.07929503814097519,-0.4206893374864114,0.2626639601748012,1.8494716721403122,1.5200169580528478,-1.021786137880226,18.14,MUN,"Sheerlinck, Mr. Jan Baptist"
-0.7974661327747724,0.6784516579566535,-0.8168082134427207,2.188906983433808,-1.7795652844611085,1.398201765091122,-1.058946410104632,1.8415869530935947,2.5595074805052964,-1.2147384715000893,1.5200169580528478,-1.021786137880226,26.78,MUN,"Carrau, Mr. Francisco M"
-0.3974762245705623,-1.7619048089345068,-1.6754637080427064,-0.8063927430812354,-1.4097941123525515,1.224175365943279,-1.0735819607167554,0.13648196255521156,0.36169337482048286,0.9329448182640309,1.5200169580528478,-1.021786137880226,17.22,MUN,"Ford, Mr. William Neal"
1.0551187052236746,0.6134264856413711,-0.7953800905828279,2.525908026415572,0.10022175246992814,0.987940036264606,-0.9886468466445107,-0.24951522460899933,2.805483768496185,-2.2743664512033925,1.5200169580528478,-1.021786137880226,26.5,MUN,"Slocovski, Mr. Selman Francis"
0.5288161944286612,0.429825999104105,-0.585690602596735,2.4073762872475934,-0.14799170874805473,0.9219743594633665,-0.5195210669681025,-0.17546644382696047,1.5053233891157793,0.3102955522440108,1.5200169580528478,-1.021786137880226,23.01,MUN,"Celotti, Mr. Francesco"
0.19198258751985267,1.2904532797475394,-0.8015024113999399,1.523096580424526,-0.008661544694966248,0.696237854072981,-1.1753923710978527,0.36879057524430997,2.917291172128407,-0.4939819019569668,1.5200169580528478,-1.021786137880226,30.1,MUN,"Christmann, Mr. Emil"
-0.7764140323429719,-1.0810530046921463,-0.5566095787154524,1.0725771660161978,-2.310797746360858,0.26744650172856704,-0.0950431157795015,0.3611349505079648,0.0901611088565158,-0.08157772600874645,1.5200169580528478,-1.021786137880226,13.93,MUN,"Andreasson, Mr. Paul Edvin"
-0.5658930280249665,1.0915527526655013,-0.2596770190855106,0.4457603571265861,-0.8244588927541218,1.398201765091122,-1.3578846570622385,1.169350190530703,2.387004629187012,-0.6696886170606872,1.5200169580528478,-1.021786137880226,26.65,MUN,"Chaffee, Mr. Herbert Fuller"
-0.3974762245705623,1.0609526715759576,-0.8719091007967303,1.429576041637058,-1.0470516141869786,1.6496143715196026,-1.2779281699854375,1.5167571613248556,2.917291172128407,2.795346026726729,1.5200169580528478,-1.021786137880226,35.52,MUN,"Dean, Mr. Bertram Frank"
-0.9237787353655756,-1.1460781770074273,-0.8221652441576939,0.19269712472594422,1.0791869486794232,1.3630339302633272,-0.48770307260796963,0.9043528944622317,0.003909683197374152,1.2378273999156362,1.5200169580528478,-1.021786137880226,15.59,MUN,"Coxon, Mr. Daniel"
-0.544840927593166,0.18502535038775147,-0.7272692714924547,1.2859846135408775,0.9722916624818398,1.6131266760811374,-0.7384055585285744,0.5197586372719594,1.1124002277796852,-0.3319120402327551,1.5200169580528478,-1.021786137880226,19.61,MUN,"Shorney, Mr. Charles Joseph"
0.10777418579265055,-0.1707005922782013,-0.7242081110838986,-0.7333249562224057,0.5311170549462019,0.3869990941006441,-0.8279179309218494,-0.38770251716946164,0.08057761711661164,0.31114926706639906,1.5200169580528478,-1.021786137880226,14.52,MUN,"Goldschmidt, Mr. George B"
-1.09219553881998,-0.9357026195168097,-0.9660397833598307,-0.37692745836435926,1.2777588774076385,0.987940036264606,-0.2639421815967156,0.844751701709663,-0.45290342307141734,0.3897519209026769,-0.4159532960651848,-0.3863857184271743,11.47,CHE,"Greenfield, Mr. William Bertram"
0.19198258751985267,-0.28162588622780055,-0.42268381084112305,-0.8812818826552485,0.010362258509594642,1.18990692847612,-1.2215967743002836,-0.26146318211993036,0.6204476517979098,0.2944017227602184,-0.4159532960651848,-0.3863857184271743,17.71,CHE,"Kantor, Mr. Sinai"
-1.1553518401153815,0.8811771951748852,-0.24666708734914708,1.1590270249732548,-0.6525475741975929,1.4335537247085874,-0.6862514688573944,2.512365501420992,0.8504514535556229,-0.07022213037031605,-0.4159532960651848,-0.3863857184271743,18.48,CHE,"Petroff, Mr. Pastcho (""Pentcho"")"
-0.9869350366609773,0.32655072542689306,-0.11197602937267888,0.6733210932387902,0.9933298478570506,0.15016030921188037,0.9522674295383742,0.47378200019990263,-0.6797127275824955,1.0584025110690445,-0.4159532960651848,-0.3863857184271743,11.22,CHE,"White, Mr. Richard Frasar"
-1.050091337956379,-0.6067517478042083,-0.35457299175074986,-0.6088659509244568,0.7580672177936375,0.2085241526308968,-0.3321973023080617,1.042809599650583,-0.42095845060506815,1.572944851819661,-0.4159532960651848,-0.3863857184271743,13.61,CHE,"Johansson, Mr. Gustaf Joel"
-0.35537202370696125,-0.7635771633881231,-0.698188247611172,-0.869812799499265,0.9668490692815274,0.47819067003409244,-0.6980149615445613,-0.2305354755438642,-0.18776015160072018,0.2257471436937001,-0.4159532960651848,-0.3863857184271743,12.78,CHE,"Gustafsson, Mr. Anders Vilhelm"
0.8024935000420682,-1.4788540588562222,-1.2461359607427134,-1.0043508164435975,0.08808145452819922,0.5397282616175446,-0.4630452527308989,-0.7115559714001933,-0.5199878652507504,0.8630143535054816,-0.4159532960651848,-0.3863857184271743,11.85,CHE,"Mionoff, Mr. Stoytcho"
0.9919624039282731,-0.3160509774535379,-0.9844067458111669,0.34081526376818055,0.5803854174838432,0.9219743594633665,-0.19531465691712582,-0.6913546935445196,-0.19734364334062493,0.6063363953345887,-0.4159532960651848,-0.3863857184271743,13.35,CHE,"Moss, Mr. Albert Johan"
-0.48168462629776443,-1.0504529236026012,-1.0471605341865668,1.7640432421903882,-0.8969839802701522,2.06417457147389,1.2376121964441342,-0.2088242858153932,-0.6030447936632577,1.1148814343946372,-0.4159532960651848,-0.3863857184271743,11.77,CHE,"Rekic, Mr. Tido"
-1.0079871370927778,-0.5799766768508569,-0.5596707391240084,0.8401792257036261,-0.71082259743709,-1.1249223845921217,0.7578137638296908,0.5075723438637716,-0.3474850139324656,-0.23430273619262465,-0.4159532960651848,-0.3863857184271743,11.07,CHE,"Porter, Mr. Walter Chamberlain"
1.8340464212002945,2.181680641480519,0.3066376564973675,-0.7649075985442533,0.8544916048514363,0.1792729151928626,-1.2696745787124517,-0.5941643131949408,1.30407006257778,0.0004546956707815231,-0.4159532960651848,-0.3863857184271743,21.3,CHE,"Barton, Mr. David John"
-0.5658930280249665,1.5620289994172458,-0.13876118294754486,-0.37031952410338737,0.6455437126990988,0.006642661460197142,-0.9757222643639135,0.5962719959814274,0.9494808682013055,0.5547441779040626,-0.4159532960651848,-0.3863857184271743,20.1,CHE,"Pekoniemi, Mr. Edvard"
-0.860622434070174,2.0133801954880246,-0.1395264730496837,1.0923906234266128,0.571796450644017,0.9219743594633665,-1.0305282698081542,1.8610298095668527,2.1570008274292993,-0.9119518356430115,-0.4159532960651848,-0.3863857184271743,24.88,CHE,"Connors, Mr. Patrick"
-0.7764140323429719,1.5237788980553162,0.1528143459674232,-0.0392439136992359,-0.22763469248240092,0.6331714271623642,-0.9848917657643446,0.9440560911468276,1.1124002277796852,-0.5443225153322545,-0.4159532960651848,-0.3863857184271743,19.26,CHE,"Turpin, Mr. William John Robert"
-0.31326782284336013,0.9194272965368148,-0.37982756512133753,1.0182717814971514,-2.0204198105920175,-1.101557864540654,-0.5848140975439717,0.2142669054507969,1.0868442498066058,-0.300164425365213,-0.4159532960651848,-0.3863857184271743,19.51,CHE,"Baxter, Mr. Quigg Edmond"
0.2761909892470548,2.5522284984242196,0.621937178578646,0.017070621946063794,0.7846310489349758,-0.29756232523537485,-1.1977807790429822,-0.043884053400588305,2.0164429485773625,-1.5384308885325093,-0.4159532960651848,-0.3863857184271743,23.01,CHE,"Hickman, Mr. Stanley George"
-1.365872844433387,-2.3394813394996565,-1.501742854857148,0.7707748011400111,-0.5458872670639799,1.2586209012784804,1.704474861366433,1.779612848085085,-1.1173588503714773,0.7296802500884372,-0.4159532960651848,-0.3863857184271743,8.07,CHE,"Moore, Mr. Leonard Charles"
-0.860622434070174,-1.2723035115017982,-0.7494626844544863,0.6003564310679695,-2.014114109823863,-0.04982768572041577,0.9518260507280795,0.18043790315962419,-0.8074926174478915,1.4174133190719886,-0.4159532960651848,-0.3863857184271743,11.05,CHE,"Nasser, Mr. Nicholas"
-0.6711535301839693,-0.9357026195168097,-1.3693476671870963,-0.17302548688295444,2.548948456625601,-0.3778935121982734,0.48922379828854307,0.04215058649357758,-0.7212411917887491,1.9186694082861817,-0.4159532960651848,-0.3863857184271743,12.39,CHE,"White, Mr. Percival Wayland"
-0.7132577310475703,-0.04065024764763793,-0.8657867799796183,-0.41457842192327554,0.28018748526788834,0.035076674301141544,-0.7293285002493521,0.4603528644497686,0.16363454552911957,0.8785797329896016,-0.4159532960651848,-0.3863857184271743,15.95,CHE,"Nicola-Yarred, Master. Elias"
-0.544840927593166,-1.0504529236026012,-1.3226649709566158,0.06910810425121361,0.02281832013161991,1.1218959119172558,0.9868065208429116,-0.3122812500395179,-1.0215239329724302,1.4997162543944993,-0.4159532960651848,-0.3863857184271743,9.91,CHE,"McMahon, Mr. Martin"
-1.1553518401153815,-0.1974756632315527,-0.7823701588464643,0.06910810425121361,-1.1792312953803241,-0.21612312190057056,-0.35648332654939663,2.0589934391127507,-0.056785764488689335,1.8275647785026932,-0.4159532960651848,-0.3863857184271743,16.2,CHE,"Madsen, Mr. Fridtjof Arne"
-0.6922056306157698,-1.4176538966771335,-1.4190915238261328,-0.0507357943909497,0.9837623601314036,0.7920170410768781,0.6053597933620919,-0.2655326171957284,-0.8841605513671292,0.4627415296113632,-0.4159532960651848,-0.3863857184271743,9.02,CHE,"Ekstrom, Mr. Johan"
-1.0711434383881795,-0.8018272647500541,-1.203279715022928,0.25743423068889987,-0.8755457468534651,1.4335537247085874,-0.20826458899766992,1.2369888969924794,-0.2995675552329421,1.5283489187485961,-0.4159532960651848,-0.3863857184271743,14.26,CHE,"Drazenoic, Mr. Jozef"
-1.2816644427061847,-1.3373286838170793,-0.8527768482432547,-0.37031952410338737,2.6864991900734143,1.18990692847612,0.02622550346905007,1.7030566007216323,-0.6509622523627813,0.5053152157078488,-0.4159532960651848,-0.3863857184271743,10.48,CHE,"Coelho, Mr. Domingos Fernandeo"
-0.3974762245705623,-0.1898256429591668,-0.8986942543715963,0.2888219184285141,-0.7602596451603933,-0.1335528185194542,0.5375478993850531,-0.28438883575815516,-0.5998502964166228,1.024431574817113,-0.4159532960651848,-0.3863857184271743,11.64,CHE,"Sobey, Mr. Samuel James Hayden"
-0.6501014297521687,-2.037305538740407,-1.4336320357667747,0.04024059581915914,0.5759020563209214,0.6331714271623642,0.036716818438125964,-0.005907082658801152,-0.45290342307141734,0.8085040003845492,-0.4159532960651848,-0.3863857184271743,12.16,CHE,"Richard, Mr. Emile"
-0.7132577310475703,-1.4559039980390645,-0.8757355513074259,-0.037779697240446705,0.07726462722163005,-0.16120338200735856,0.869748374090216,-0.09105558832088242,-0.8458265844075105,1.2404865248395411,-0.4159532960651848,-0.3863857184271743,10.53,CHE,"Futrelle, Mr. Jacques Heath"
-0.9027266349337751,-0.9816027411511266,-1.0234365410202575,0.526471554171308,-1.7689716604048051,-0.6885783677369076,1.0094925273963584,0.14362514182238972,-0.7244356890353841,0.5707969079042309,-0.4159532960651848,-0.3863857184271743,10.15,CHE,"Osen, Mr. Olaf Elon"
-0.7553619319111714,-1.038977893194023,-0.8918066434523448,0.45902276039684564,-1.7085742453305413,-0.5353210732262403,0.8378969327618304,-0.016391380131390496,-0.7180466945421142,0.905751199705111,-0.4159532960651848,-0.3863857184271743,10.74,CHE,"Giglio, Mr. Victor"
-0.4185283250023628,0.9538523877625521,-0.6331385889293548,-1.1173464923062086,-0.6697387060532433,2.0254575731671807,-1.532104067778331,0.4386313623127231,1.2849030790979703,-0.19724837435375714,-0.4159532960651848,-0.3863857184271743,20.86,CHE,"Burke, Mr. Jeremiah"
-0.08169471809355427,-0.28545089636399285,-0.6767601247512793,-1.6095686630602475,0.48714632632374555,0.5707232985547976,-1.4911989153440977,0.014624295856437958,0.9367028792147658,0.32179428593556025,-0.4159532960651848,-0.3863857184271743,19.64,CHE,"Andrew, Mr. Edgardo Samuel"
0.23408678838345376,-0.6182267782127878,-1.4030204316812134,0.7428971343949353,-0.07205250537315458,0.8892401354225491,-0.4471394217613146,-0.3137531106649164,0.37766586105365746,0.7841390562328362,-0.4159532960651848,-0.3863857184271743,17.07,CHE,"Nicholls, Mr. Joseph Charles"
2.212984228972704,-0.8936275080186864,-1.0027737082625037,0.42863980017770487,-0.9192629287227895,1.5768320372322955,-0.4723540897061108,-0.7943355817156544,-0.015257300282435667,1.137226261365157,-0.4159532960651848,-0.3863857184271743,15.31,CHE,"Andersson, Mr. August Edvard (""Wennerstrom"")"
0.06566998492904948,-2.2209060252776727,-1.7374522063159674,-0.4653309032070849,-0.8741681896861213,-0.5611490324573859,0.2175052367597299,-0.5569931875151598,-0.6765182303358606,0.955814910057262,-0.4159532960651848,-0.3863857184271743,11.07,CHE,"Navratil, Mr. Michel (""Louis M Hoffman"")"
0.23408678838345376,-1.7504297785259286,-1.2315954488020722,0.04183328593954868,-2.0508262640846895,-0.4308431884808149,-0.11331585434896116,-0.5200572837547407,-0.21970512406706938,0.4262567362820329,-0.4159532960651848,-0.3863857184271743,12.92,CHE,"Byles, Rev. Thomas Roussel Davids"
0.676180897451265,-1.7198296974363836,-1.754288588563026,-0.24386553033227884,-0.7945773116316304,0.5397282616175446,0.8209838086395387,-0.8231992264304221,-0.9768009715195413,0.45189756612577797,-0.4159532960651848,-0.3863857184271743,8.45,CHE,"Bateman, Rev. Robert James"
-0.16590311982075642,-1.5056291298095736,-1.676228998144845,1.426742717227368,0.7707468507966606,1.1558142265857103,1.5388598684206274,-0.5181840836498567,-0.8074926174478915,0.8772838252475438,-0.4159532960651848,-0.3863857184271743,10.16,CHE,"Meo, Mr. Alfonzo"
-0.7553619319111714,-1.9416802853355806,-2.0320888956394922,-1.0608486543749032,-0.011580207659018134,0.6018706452558684,-0.6292969758487554,0.17673309056944536,-0.38262448364544943,0.7909900727457922,-0.4159532960651848,-0.3863857184271743,12.55,CHE,"van Billiard, Mr. Austin Blyler"
-0.229059421116158,-2.224731035413865,-2.3336131958822675,-0.7851392052701303,-0.2608083348462873,2.260985979532995,-0.0864698551872604,-0.5591639382520892,-0.8681880651339546,0.4535197940741253,-0.4159532960651848,-0.3863857184271743,9.1,CHE,"Olsen, Mr. Ole Martin"
-0.29221572241155963,-0.9777777310149343,-1.976222718183343,-0.3945638070470893,1.3703274661021778,-0.0216584821618595,-0.25299572111629187,-0.22768848584599452,-0.31554004146611636,1.100611962652575,-0.4159532960651848,-0.3863857184271743,13.46,CHE,"Williams, Mr. Charles Duane"
-0.9027266349337751,-0.15540055173342945,-0.2948803637839058,-0.35373734944849694,0.053193628297626416,-1.054529279308855,0.6752699905470798,-0.07253367426265392,-0.7755476449815425,-0.2639007284957196,-0.4159532960651848,-0.3863857184271743,8.47,CHE,"Corn, Mr. Harry"
0.42355569226965856,0.38775088760598175,0.3173517179273139,0.06910810425121361,0.3992080082755712,-0.6633180393275161,1.0814309195692915,-0.8159709082537214,-0.8617990706406851,-0.43136892826783985,-0.4159532960651848,-0.3863857184271743,7.68,CHE,"Smiljanic, Mr. Mile"
-0.4606325258659639,0.3112506848821212,0.6999967689968263,-1.54765392460062,0.2303133034188336,-1.0070970152338663,0.3089257251627129,-0.6723743888986496,-1.120553347618112,-0.41791951662827115,-0.4159532960651848,-0.3863857184271743,6.16,CHE,"Sage, Master. Thomas Henry"
-0.018538416798152664,0.10852514766388956,1.159170830280241,-1.7237566194355578,-1.38707775348457,-0.5868619450995376,-0.7656968323861407,-0.6696114566629761,-0.5710998211969088,-0.9487714683521714,-0.4159532960651848,-0.3863857184271743,8.56,CHE,"Cribb, Mr. John Hatfield"
0.33934729054245644,-0.20895069364013225,1.0061128098524361,-0.4886269625065487,-0.2855118627589012,-0.8867157810305262,0.7825491032982184,-0.8396456734605168,-0.9033275348469387,-0.7788073037592915,-0.4159532960651848,-0.3863857184271743,6.86,CHE,"Bengtsson, Mr. John Viktor"
-0.6501014297521687,0.4413010295126846,0.47040973835511884,-0.19107930727453723,-0.5107121920883356,-0.6379456917234033,0.2944431748047962,-0.26838564504778256,-0.5615163294570035,-0.4736499488779311,-0.4159532960651848,-0.3863857184271743,9.4,CHE,"Calic, Mr. Jovo"
1.6445775173140895,0.16207528957059236,0.47040973835511884,-0.9741955287133913,-0.20499649111339985,-1.217396695532666,-0.22316653289917912,-0.9035248648089462,-0.4592924175646872,-0.9829792635271923,-0.4159532960651848,-0.3863857184271743,9.17,CHE,"Panula, Master. Eino Viljami"
0.4656598931332596,0.8582271343577261,1.0061128098524361,0.5894829273027145,0.7846310489349758,-0.7387659213239167,0.764379305881702,-0.7849662032028796,-0.5263768597440203,-1.1226727733543749,-0.4159532960651848,-0.3863857184271743,8.54,CHE,"Goldsmith, Master. Frank John William ""Frankie"""
-0.8816745345019746,-0.021525196966673807,0.9295837996385337,-0.7218616267870686,-0.016089377968649385,-1.4638521507708109,-0.12293135234060819,-0.012428289177782282,-0.3762354891521796,-1.2651906980019925,-0.4159532960651848,-0.3863857184271743,9.2,CHE,"Baumann, Mr. John D"
0.9919624039282731,1.294278289883733,1.2356998404941435,-1.4203803503013943,0.5098835798201573,-0.5868619450995376,-0.8941647818058713,-0.7488600775087724,-0.11109221768148238,-0.6948621184384083,-0.4159532960651848,-0.3863857184271743,11.72,CHE,"Ling, Mr. Lee"
2.086671626381901,-0.5685016464422786,0.08776468728560652,-1.3310557053507135,-0.5196630277711544,-1.285736759004939,-0.41093102605819226,-0.9525503695093125,-0.5359603514839247,-1.1486978597611017,-0.4159532960651848,-0.3863857184271743,8.44,CHE,"Van der hoef, Mr. Wyckoff"
0.634076696587664,-0.1324504909162717,0.9295837996385337,-0.680503732353694,0.6455437126990988,-0.6633180393275161,0.41349895327231734,-0.8683747359535996,-0.8330485954209708,-0.8327344557008203,-0.4159532960651848,-0.3863857184271743,7.19,CHE,"Rice, Master. Arthur"
2.1077237268137012,1.4778787764209993,2.000989942633168,-1.4563335198940437,1.0808915545807207,0.32693541187524816,-0.006749665784082238,-1.0026722709858764,-1.0726358889185885,-0.4091714989372125,-0.4159532960651848,-0.3863857184271743,6.46,CHE,"Sivola, Mr. Antti Wilhelm"
1.1182750065190763,0.26917557338399795,1.0061128098524361,0.438227312069078,-0.08739352695118383,-0.29756232523537485,0.8050675963049417,-0.8594744923451544,-0.6254062743897015,-0.4853139724660093,-0.4159532960651848,-0.3863857184271743,9.0,CHE,"Smith, Mr. James Clinch"
-0.2711636219797591,1.1374528742998182,0.7765257792107287,-0.09122359798627687,-1.1314433901764853,-0.35123816379694794,-0.13939735310331858,-0.30039305126301497,-0.2228996213137043,0.24967628430589967,-0.4159532960651848,-0.3863857184271743,12.61,CHE,"Klasen, Mr. Klas Albin"
0.676180897451265,0.4566010700574564,1.0061128098524361,-0.994609809903717,1.4787620683611657,0.06364449426133491,-0.15596357298205124,-0.7999213111115215,-0.7116577000488444,-0.15513477343358498,-0.4159532960651848,-0.3863857184271743,9.03,CHE,"Lefebre, Master. Henry Forbes"
1.0130145043600736,0.3762758571974036,1.6948739017775583,-0.8749525424718962,0.2851505270198271,-0.7137274171665208,0.8574813300274922,-0.9187542661277734,-1.0854138779051283,-0.0595098020613691,-0.4159532960651848,-0.3863857184271743,6.96,CHE,"Hale, Mr. Reginald"
1.539317015155087,0.8505771140853402,1.0061128098524361,1.1183536658326076,-0.12206808702002576,-0.07786586972753415,0.5828751570027082,-0.8692333106903856,-0.2740115772598627,-1.119081975201366,-0.4159532960651848,-0.3863857184271743,10.05,CHE,"Leonard, Mr. Lionel"
0.8024935000420682,0.37245084706120996,1.0826418200663386,-0.3931469333685618,-0.9907608208778986,-0.4833169126169981,0.34369597763285803,-0.7986684218162464,-0.660545744102686,-0.018357269503421304,-0.4159532960651848,-0.3863857184271743,9.56,CHE,"Pernot, Mr. Rene"
0.2551388888152543,0.9347273370815866,1.0826418200663386,0.21558398036941454,0.08252151204411066,-1.217396695532666,1.2081233194477796,-0.7022595885114779,-0.7755476449815425,0.276228765328724,-0.4159532960651848,-0.3863857184271743,9.36,CHE,"Asplund, Master. Clarence Gustaf Hugo"
0.33934729054245644,-1.214928359458902,-1.289757496564638,-0.43520145580675124,-1.568191064347121,-0.7137274171665208,-0.039375891447235724,-0.6538409563572055,-0.47207040655122656,0.05853369510130884,-0.4159532960651848,-0.3863857184271743,10.81,CHE,"Becker, Master. Richard F"
2.2340363294045047,1.2254281074322584,1.312228850708046,-0.7767265792290302,0.8115638221755004,-1.6573502354619207,0.5398329974673451,-0.9565110184574324,-0.7691586504882727,-0.20204561896562676,-0.4159532960651848,-0.3863857184271743,8.61,CHE,"Rood, Mr. Hugh Roscoe"
0.1498783866562516,1.007402529669255,1.312228850708046,-1.1824262803030297,0.8674000593814587,-0.9110004802247926,-0.71727274371054,-0.6660207411582815,-0.12387020666802206,-1.9777266444701578,-0.4159532960651848,-0.3863857184271743,9.53,CHE,"Romaine, Mr. Charles Hallace (""Mr C Rolmane"")"
-0.14485101938895587,0.31507569501831484,1.312228850708046,-0.05846765881947683,-0.975045334008786,-0.9832278758929013,0.8883551731791292,-0.6986222451375478,-0.797909125707987,-0.8202503720102486,-0.4159532960651848,-0.3863857184271743,7.42,CHE,"Bourke, Mr. John"
0.8656498013374698,1.500828837238157,1.3887578609219484,1.5120934243886182,-1.3412060781990804,-0.5868619450995376,0.9249988497970189,-0.7993873203597586,-0.3347070249459259,-1.057336349004498,-0.4159532960651848,-0.3863857184271743,9.79,CHE,"Turcin, Mr. Stjepan"
-0.3343199232751607,1.049477641167378,1.7714029119914607,-1.2666354812770102,0.24865213301799197,-0.29756232523537485,-0.5076581892007145,-0.5190467478091301,-0.5104043735108457,-0.9194840337921114,-0.4159532960651848,-0.3863857184271743,8.97,CHE,"Carbines, Mr. William"
-0.1027468185253548,0.8391020836767606,1.3887578609219484,-0.8629262921951688,-0.6140157269349202,-1.0070970152338663,0.304279300552142,-0.7072500126975562,-0.8202706064344311,-0.696886495206376,-0.4159532960651848,-0.3863857184271743,7.49,CHE,"Navratil, Master. Michel M"
0.2972430896788554,0.7893769519062515,1.0061128098524361,0.17051448002535277,1.5998191918583078,-0.7387659213239167,-0.3641618482749959,-0.5878620605690106,0.2946089326411498,-2.0227047043108173,-0.4159532960651848,-0.3863857184271743,11.95,CHE,"Mernagh, Mr. Robert"
-0.3974762245705623,0.035849955076222635,1.5418158813497533,-0.3039908254838247,-0.41994237408961643,-1.0070970152338663,0.9838909231230508,-0.6079615462893995,-0.8937440431070339,-0.5160962593845511,-0.4159532960651848,-0.3863857184271743,7.35,CHE,"Olsen, Mr. Karl Siegwart Andreas"
0.42355569226965856,-0.8324273458395977,0.6234677587829238,-0.8942524656031036,2.5016843279519017,-0.45713914258059307,0.35822472905101826,-0.8394226011132179,-0.8713825623805895,-0.7122865847939673,-0.4159532960651848,-0.3863857184271743,7.16,CHE,"Vande Walle, Mr. Nestor Cyriel"
0.6972329978830655,0.4221759788317191,1.312228850708046,-1.0004421609892304,0.053193628297626416,-0.8867157810305262,-0.1565030235401703,-0.8135560398806018,-0.5710998211969088,-0.8213251832924716,-0.4159532960651848,-0.3863857184271743,8.77,CHE,"Sage, Mr. Frederick"
-0.1027468185253548,0.6784516579566535,1.0826418200663386,-0.510264628674916,0.3483201224385101,-0.6885783677369076,0.2289392167578928,-0.5814790348861694,-0.6126282854031625,-0.19167537332622023,-0.4159532960651848,-0.3863857184271743,9.56,CHE,"Johanson, Mr. Jakob Alfred"
-0.860622434070174,1.1718779655255556,2.460164003916583,-0.02735161904613787,0.5820882590720132,-1.30832655034059,-0.5935359935334221,0.6033200314529832,0.6428091325243543,-1.716380947070647,-0.4159532960651848,-0.3863857184271743,14.53,CHE,"Youseff, Mr. Gerious"
-0.5027367267295649,0.31507569501831484,1.9244609324192659,0.2338934648841892,-1.0712518285960004,0.32693541187524816,0.5973659682615491,-0.45991532613473846,-0.6541567496094162,-0.6786977753116303,-0.4159532960651848,-0.3863857184271743,8.51,CHE,"Cohen, Mr. Gurshon ""Gus"""
-0.1027468185253548,0.961502408034938,1.9244609324192659,1.4258810005577545,-0.3465454271669738,0.6018706452558684,0.4804077699458536,-0.5158593942889239,-0.2228996213137043,-0.9458912469684316,-0.4159532960651848,-0.3863857184271743,10.64,CHE,"Backstrom, Mr. Karl Alfred"
-0.7974661327747724,-0.07125032873718297,0.6999967689968263,0.24322093812756482,1.4036396636613666,-0.9351802779106599,1.285811237704322,-0.37041187182551377,-0.8234651036810661,-0.9462933957880524,-0.4159532960651848,-0.3863857184271743,7.06,CHE,"Albimona, Mr. Nassef Cassem"
-0.3343199232751607,0.18885036052394377,1.312228850708046,1.3288006388677365,1.2846806983498091,0.7280058060899901,0.42195837403832404,-0.5262182932295941,-0.24526110204014845,-1.9391995821162202,-0.4159532960651848,-0.3863857184271743,8.87,CHE,"Blank, Mr. Henry"
-0.5869451284567672,-0.16305057200581538,0.5469387485690214,0.016376788848661176,-0.08739352695118383,-0.21612312190057056,0.8467113847420364,-0.45882040208421315,-0.797909125707987,-0.5410823190223335,-0.8943225536255255,1.4128666901914524,7.88,LIV,"Ali, Mr. Ahmed"
-0.8816745345019746,-0.11332544023530622,0.8530547894246312,-0.4653309032070849,-0.15678671777939232,-0.4308431884808149,-0.08113066169033124,-0.012428289177782282,-0.46568141205795677,-0.9416635708661013,-0.8943225536255255,1.4128666901914524,9.2,LIV,"Perkin, Mr. John Henry"
-1.450081246160589,-1.1690282378245864,0.3938807281412164,-0.32903102211033775,0.4218073045615903,-0.0216584821618595,0.6887040917725851,2.7693757604268696,-0.8617990706406851,-0.7287435934071401,-0.8943225536255255,1.4128666901914524,7.19,LIV,"Givard, Mr. Hans Kristensen"
0.6130245961558634,-0.6411768390299456,-0.6009964046395156,-0.8372113792301512,0.5289176854205648,0.035076674301141544,0.7337480290109173,-0.912236873899398,-1.1077753586315724,-0.5248263848189701,-0.8943225536255255,1.4128666901914524,6.06,LIV,"Kiernan, Mr. Philip"
-0.9448308357973763,-0.9471776499253892,0.16429369749950898,0.18210378011382572,-0.870447907909365,-0.24339404778791432,2.0709022277813216,-0.39267067085289126,-1.222777259510429,-0.3698243764807815,-0.8943225536255255,1.4128666901914524,5.63,LIV,"Jacobsohn, Mr. Sidney Samuel"
-0.7553619319111714,-0.667951909983297,0.16429369749950898,-0.06184714923194579,-0.2124824950528913,-0.9110004802247926,1.6813018977136716,-0.45919058090955034,-1.1109698558782073,-0.1916216965563014,-0.8943225536255255,1.4128666901914524,6.59,LIV,"Harris, Mr. Walter"
-1.1974560409789827,-0.37342612949643295,0.3938807281412164,-0.2904235916752785,0.5445623369791457,-1.217396695532666,0.6944039101155772,0.9156209135546879,-0.7052687055555745,0.10699306976175237,-0.8943225536255255,1.4128666901914524,9.5,LIV,"Sunderland, Mr. Victor Francis"
-0.6922056306157698,2.5522284984242196,1.7714029119914607,0.6854481544109137,-0.48401368822566865,-0.9351802779106599,0.04827520474982673,0.22661468728361184,0.0741886226233415,0.0004704581340350371,-0.8943225536255255,1.4128666901914524,13.97,LIV,"Bracken, Mr. James H"
0.5498682948604617,1.73032944540974,1.3887578609219484,0.6611513161062145,1.279856758069902,-1.375533522903503,0.4221848737854409,-0.6671078287471556,-0.09192523420167316,-0.8006025842703014,-0.8943225536255255,1.4128666901914524,11.66,LIV,"Green, Mr. George Henry"
-0.5658930280249665,0.09322510711911772,0.6999967689968263,-0.6708313215587918,0.3312445261248805,-0.7885141965425507,1.1152713264996206,-0.5997553199710314,-1.1013863641383028,-0.3233872487949184,-0.8943225536255255,1.4128666901914524,6.43,LIV,"Nenkoff, Mr. Christo"
-0.7553619319111714,-0.42697627140313577,-0.21835135357000335,-0.7906416033990926,1.555118516670006,-0.8132254031194901,1.0862233471403493,-0.41651113987069116,-1.091802872398398,-0.01819410940027707,-0.8943225536255255,1.4128666901914524,6.99,LIV,"Hoyt, Mr. Frederick Maxfield"
0.5077640939968607,-0.7559271431157372,0.16429369749950898,-1.5128313578253494,2.2488944757258316,-0.40442824816339523,0.3462001916396078,-0.9024546072831825,-1.1812487953041753,-0.2954851832601158,-0.8943225536255255,1.4128666901914524,6.0,LIV,"Berglund, Mr. Karl Ivar Sven"
-0.08169471809355427,-0.013875176694287885,0.3938807281412164,-1.8826353879211692,0.5571987415705619,-0.5868619450995376,-0.17301825211758018,-0.7692157945654521,-1.0949973696450328,-0.2676010099819534,-0.8943225536255255,1.4128666901914524,6.56,LIV,"Mellors, Mr. William John"
-0.43958042543416337,-0.3237009977259238,-0.06529333314219841,0.7368098252575549,0.32255023064951593,-0.9351802779106599,3.0605489119785005,-0.691279094880237,-1.2068047732772544,-0.1848422490699038,-0.8943225536255255,1.4128666901914524,6.03,LIV,"Lovell, Mr. John Hall (""Henry"")"
-0.06064261766175374,-1.0695779742835667,-0.5244673944256132,-0.23126014804180536,0.8200315297866204,-0.6633180393275161,1.8494835909726652,-0.7881250702404573,-1.1556928173310959,-0.18764877163369897,-0.8943225536255255,1.4128666901914524,6.33,LIV,"Fahlstrom, Mr. Arne Jonas"
-0.3974762245705623,-1.038977893194023,-0.6009964046395156,-1.3966749637567903,2.273628655232435,0.44764591887192035,0.3707823740323935,-0.6479367296417445,-1.19083228704408,0.2368258363089881,-0.8943225536255255,1.4128666901914524,6.82,LIV,"Larsson, Mr. Bengt Edvin"
0.21303468795165323,-0.6220517883489814,0.6234677587829238,-0.6475423231995786,-1.2400797864407775,-0.6885783677369076,1.1780733086862722,-0.8505782251259582,-1.1556928173310959,-0.26654409095637055,-0.8943225536255255,1.4128666901914524,6.2,LIV,"Sjostedt, Mr. Ernst Adolf"
1.307743910405281,-1.237878420276061,-0.8305834352812231,-0.6034852044548084,1.26942096726438,0.15016030921188037,1.3542282644689376,-0.9757039313812639,-1.2068047732772544,-0.24553095624118998,-0.8943225536255255,1.4128666901914524,5.93,LIV,"Leyson, Mr. Robert William Norman"
0.10777418579265055,0.27300058352019024,0.16429369749950898,-0.9449556534901727,0.7132509382607078,-0.7387659213239167,1.5433524741682743,-0.8529084244930225,-1.3026396906763016,0.022209932081736748,-0.8943225536255255,1.4128666901914524,5.8,LIV,"Hold, Mr. Stephen"
0.21303468795165323,-0.46522637276506673,0.08776468728560652,-1.8042412587341898,-0.9390664384584699,-0.3778935121982734,-0.06994624916407967,-0.8324762553060283,-1.120553347618112,-0.17516468794312784,-0.8943225536255255,1.4128666901914524,6.56,LIV,"Pengelly, Mr. Frederick William"
0.06566998492904948,0.8811771951748852,0.7765257792107287,-1.6914374261243166,0.6117756272355555,-0.763694607480622,0.3535829592889273,-0.7926770633269331,-1.2291662540036987,0.33906709506445565,-0.8943225536255255,1.4128666901914524,6.76,LIV,"Hunt, Mr. George Henry"
-0.20800732068435748,0.14677524902582054,1.0061128098524361,0.526471554171308,-1.106049632549709,-1.054529279308855,1.7010665812040948,-0.69091765052016,-0.9831899660128113,-0.271464451571331,-0.8943225536255255,1.4128666901914524,7.22,LIV,"Coleridge, Mr. Reginald Charles"
1.1603792073826773,2.5522284984242196,2.842809054986095,-1.8643734605090305,1.4003496313387438,-1.636198622965321,-0.7285751904277376,-0.880302482387093,-0.41776395335843325,-1.5337337541707725,-0.8943225536255255,1.4128666901914524,8.51,LIV,"Maenpaa, Mr. Matti Alexanteri"
-0.7132577310475703,-0.10567541996292029,0.6999967689968263,-0.7415130486762184,-2.7421542928408362,-1.572226841789254,0.8780275136467315,-0.3769334023957031,-0.9991624522459858,0.08975178555936458,-0.8943225536255255,1.4128666901914524,7.72,LIV,"Attalah, Mr. Sleiman"
2.84454724192672,2.5522284984242196,1.0061128098524361,0.5417000819155955,0.5930374285173677,-0.8623254961875885,-0.7919439277319749,-0.7508703363300715,1.396710482730192,-1.159993389249453,-0.8943225536255255,1.4128666901914524,19.94,LIV,"Minahan, Dr. William Edward"
0.36039939097425694,2.5522284984242196,3.1489250958417054,-0.877144027972498,-0.8555158645371415,-1.375533522903503,-0.8674818993880044,-0.5149803289696541,0.4447503032329905,-1.3762694357317167,-0.8943225536255255,1.4128666901914524,13.91,LIV,"Beckwith, Mr. Richard Leonard"
2.8655993423585207,-0.3849011599050125,0.24082270771341147,0.40080508823500943,-0.6415532456852545,-0.45713914258059307,2.923853074664952,-1.0370511771442488,-1.2483332374835083,0.007848869263088695,-0.8943225536255255,1.4128666901914524,6.1,LIV,"Carter, Rev. Ernest Courtenay"
0.949858203064672,0.429825999104105,0.9295837996385337,0.8919289653984193,0.8661259058955249,-0.04982768572041577,1.9851176732768798,-0.8926842642153031,-0.9544394907930972,-0.19338919235115282,-0.8943225536255255,1.4128666901914524,7.52,LIV,"Reed, Mr. James George"
-0.5027367267295649,-0.4537513423564872,0.08776468728560652,-0.23511102307120257,-0.9557948690426451,-0.29756232523537485,1.6609889567061782,-0.6621393757740479,-1.2099992705238893,-0.15508109666366507,-0.8943225536255255,1.4128666901914524,6.06,LIV,"Lobb, Mr. William Arthur"
0.2972430896788554,-0.698551991072842,-0.21835135357000335,-0.17501835594578705,-0.42462020802152217,-1.3977503205968305,0.9156129256106821,-0.8089978457318888,-0.7915201312147171,-0.8858415475398554,-0.8943225536255255,1.4128666901914524,7.35,LIV,"Smith, Mr. Thomas"
-0.860622434070174,0.09705011725531136,0.011235677071704052,-1.719990096906804,1.328956571269748,-0.6885783677369076,0.0025085055452725236,-0.43322725427757786,-0.9991624522459858,-0.9540939777867525,-0.8943225536255255,1.4128666901914524,6.0,LIV,"Asplund, Master. Edvin Rojj Felix"
0.5077640939968607,-0.8056522748862462,-0.21835135357000335,-1.3204333151403622,0.5111598129542863,-0.07786586972753415,0.09357904066693808,-0.8626063766894757,-0.9959679549993509,-0.4073124120657758,-0.8943225536255255,1.4128666901914524,6.92,LIV,"Taussig, Mr. Emil"
2.255088429836305,0.10087512739150364,0.08776468728560652,-1.1618712784904828,-0.5243017305544213,-0.6379456917234033,0.7571181238142832,-1.0118371528288923,-1.1844432925508102,-0.08365790934001902,-0.8943225536255255,1.4128666901914524,6.33,LIV,"Harrison, Mr. William"
-0.6922056306157698,-0.1974756632315527,0.16429369749950898,-0.06360493786930366,-0.7717486087077235,0.3869990941006441,1.3532636965506182,-0.5757345545645246,-1.0279129274657,-0.9107918226643588,-0.8943225536255255,1.4128666901914524,5.9,LIV,"Reeves, Mr. David"
-0.229059421116158,-0.2242507341849041,0.011235677071704052,-0.9506956370245583,-1.4247393985334649,-1.263052251563061,0.007068500379134285,-0.5763973792170222,-0.6637402413493209,-0.44376142088182685,-0.8943225536255255,1.4128666901914524,8.84,LIV,"Panula, Mr. Ernesti Arvid"
3.0129640453811244,0.2615255531116121,-0.1418223433561009,-0.2527981816364588,-0.11036572336546593,-1.6993981089964083,1.204112490278526,-0.9845648002249382,-0.8586045733940498,0.32175424183550777,-0.8943225536255255,1.4128666901914524,8.94,LIV,"Persson, Mr. Ernst Ulrik"
2.4024531328589087,-1.1537281972798132,-0.4479383842117108,-0.6024699692718558,0.501274714961125,-0.5353210732262403,1.6609889567061782,-1.0127719800177635,-1.2099992705238893,0.13015582704137896,-0.8943225536255255,1.4128666901914524,6.53,LIV,"Cairns, Mr. Alexander"
-0.7764140323429719,1.3937285534247528,1.6183448915636558,-0.8177367457007989,-0.6697387060532433,-1.3532243476729866,-0.024022373488104033,-0.1342933360012377,-0.5104043735108457,-0.6585225929555822,-0.8943225536255255,1.4128666901914524,9.4,LIV,"Tornquist, Mr. William Henry"
2.3603489319953077,0.7320017998633563,1.6948739017775583,0.7699673596015898,-0.0008993862445712928,-0.7137274171665208,1.6917332584447293,-0.9729979839875468,-0.8170761091877962,-0.289688955979357,-0.8943225536255255,1.4128666901914524,8.18,LIV,"Natsch, Mr. Charles H"
1.349848111268882,2.5522284984242196,1.8479319222053634,0.29581917365709126,0.5324620994813704,-0.6885783677369076,-0.9010802504909109,-0.6221745881958871,1.4286554551965411,-2.81096308323152,-0.8943225536255255,1.4128666901914524,17.41,LIV,"Parkes, Mr. Francis ""Frank"""
2.84454724192672,2.5522284984242196,1.159170830280241,0.5417000819155955,0.5930374285173677,-0.8623254961875885,-0.5596367399385144,-0.7892516355473282,0.8983689122551468,-0.48629506287826096,-0.8943225536255255,1.4128666901914524,18.08,LIV,"Rice, Master. Eric"
0.42355569226965856,0.1697253098429783,0.24082270771341147,0.3359997312886699,0.7106318050412455,-0.9832278758929013,0.9838909231230508,-0.7176541958812164,-0.6222117771430672,0.025054368952196742,-0.8943225536255255,1.4128666901914524,9.86,LIV,"Duane, Mr. Frank"
-0.5027367267295649,0.6287265261861444,0.3173517179273139,0.7318124734995037,1.1578085256103334,-1.8642590784979538,2.422087040936771,-0.5606146488122722,-0.8458265844075105,-0.7258275875101213,-0.8943225536255255,1.4128666901914524,7.29,LIV,"Olsson, Mr. Nils Johan Goransson"
1.034066604791874,0.9576773978987457,0.9295837996385337,1.1127487215933902,0.13126407477180502,0.1792729151928626,-0.5113172051629374,-0.512387455632985,0.8792019287753372,-0.02856009545291091,-0.8943225536255255,1.4128666901914524,18.72,LIV,"de Pelsmaeker, Mr. Alfons"
3.307693451426332,0.3074256747459289,0.24082270771341147,1.422082644185116,0.026344577902420015,-0.6124605781299419,1.057952265557453,-0.9731404224965082,-0.3922079753853542,-0.6490818907518957,-0.8943225536255255,1.4128666901914524,10.12,LIV,"Dorking, Mr. Edward Arthur"
-0.5658930280249665,0.5407512930537043,0.9295837996385337,0.06910810425121361,-0.4493796522671498,-0.4833169126169981,-0.9407014760092096,0.5149036416408431,1.1794846699590185,-0.8415876971383316,-0.8943225536255255,1.4128666901914524,19.17,LIV,"Smith, Mr. Richard William"
0.36039939097425694,1.1298028540274323,0.47040973835511884,0.9967886529998159,-0.42462020802152217,-1.054529279308855,-0.42361025697657817,-0.3600062841548832,1.0197598076272738,-1.4351527328014888,-0.8943225536255255,1.4128666901914524,17.24,LIV,"Rice, Master. Arthur"
1.6656296177458902,-0.3581260889516611,0.5469387485690214,2.6549706864917497,-0.5006259438453107,-1.2402724310647015,1.9076015584827852,-0.8849932414663052,-0.38262448364544943,-0.8233295380104124,-0.8943225536255255,1.4128666901914524,9.89,LIV,"Rice, Master. Eric"
0.9919624039282731,0.1965003807963297,0.6999967689968263,2.315071538063618,-0.21610730799453687,-1.330822217545676,0.8170833929686082,-0.7015857127774232,0.2275244904618177,-1.1064147093576255,-0.8943225536255255,1.4128666901914524,13.06,LIV,"Rice, Master. Eugene"
0.21303468795165323,0.07792506657434588,0.24082270771341147,-0.6256626054445745,-1.046368323878877,-0.24339404778791432,-0.1276586197122353,-0.7178304464464734,-0.5104043735108457,-0.9983793531147835,-0.8943225536255255,1.4128666901914524,8.84,LIV,"Rice, Master. George Hugh"
0.42355569226965856,0.8964772357196571,1.5418158813497533,1.020274236512438,0.4478907463828176,-0.9832278758929013,1.5046483936895911,-0.7623026111329503,-0.6701292358425908,-0.40244572822073477,-0.8943225536255255,1.4128666901914524,8.87,LIV,"Rintamaki, Mr. Matti"
0.5288161944286612,0.14677524902582054,0.7765257792107287,0.2338934648841892,-1.6672686572877058,-0.24339404778791432,-0.4349309988679928,-0.5323000449832228,0.2307189877084517,-0.1287433227205183,-0.8943225536255255,1.4128666901914524,14.69,LIV,"Risien, Mr. Samuel Beard"
-0.4606325258659639,0.024374924667643075,1.0061128098524361,-0.1811987726596354,-0.6004830034347601,-1.1713550460051867,-0.029441262179562916,-0.475117772315415,-0.24206660479351352,-2.0903381488650306,-0.8943225536255255,1.4128666901914524,8.64,LIV,"Robins, Mr. Alexander A"
0.8445977009056693,1.5276039081915085,1.6183448915636558,0.42403041946069936,-0.15441084011253384,-0.9351802779106599,-0.18413763220475107,-0.6022305451605117,0.21794099872191233,0.09347208909562461,-0.8943225536255255,1.4128666901914524,14.98,LIV,"Rogers, Mr. William John"
-0.5237888271613655,-0.6144017680765942,0.3173517179273139,-0.7218616267870677,-0.842877962599459,-0.8378289355937009,0.29255085593248914,-0.5044554111651858,-0.8138816119411616,-0.5197228420508382,-0.8943225536255255,1.4128666901914524,7.82,LIV,"Rommetvedt, Mr. Knud Paust"
1.1814313078144778,0.9806274587159035,1.0826418200663386,3.654837551624756,1.0736202875071472,-0.5611490324573859,3.034398403970691,-0.8672926797153296,-0.6158227826497974,-0.5381842053819537,-0.8943225536255255,1.4128666901914524,8.97,LIV,"Rosblom, Mr. Viktor Richard"
2.8866514427903214,0.6402015565947226,1.159170830280241,-0.381444274188314,-0.0008993862445712928,-1.263052251563061,-0.41093102605819226,-0.9245909389574701,0.03904915291035798,-1.29254534687067,-0.8943225536255255,1.4128666901914524,11.63,LIV,"Rouse, Mr. Richard Henry"
1.3919523121324833,1.8833298508574612,1.312228850708046,-1.0345705902208067,0.9371492254880451,-1.7202953955421596,-0.7410336903853054,-0.7496495460775036,0.22113549596854784,-0.8223441880113896,-0.8943225536255255,1.4128666901914524,13.49,LIV,"Rush, Mr. Alfred George John"
-0.25011152154795857,0.27300058352019024,0.24082270771341147,0.5697218580729108,1.1557048135821746,-1.0780937090092253,0.578516726453924,-0.47248686831011755,-0.35387400842573513,-0.7088410544874636,-0.8943225536255255,1.4128666901914524,10.25,LIV,"Ryan, Mr. Edward"
0.2761909892470548,1.795354617725021,1.312228850708046,-0.12863432850835693,1.259527295461737,-0.763694607480622,-0.17207415380829252,-0.5892561774754725,-0.05039676999541919,-0.8719162882607225,-0.8943225536255255,1.4128666901914524,11.79,LIV,"Ryan, Mr. Patrick"
-0.818518233206573,0.34185076597166625,0.5469387485690214,-0.17667345059119016,0.2553021275081675,-1.8030519805082108,0.44457242949817194,-0.005356498336474888,-0.3922079753853542,-0.6915639857717949,-0.8943225536255255,1.4128666901914524,10.05,LIV,"Saad, Mr. Amin"
0.949858203064672,-0.32752600786211605,0.24082270771341147,-0.345736160279354,-1.8118382154376282,0.006642661460197142,0.2175052367597299,-0.8571851143840062,-0.6765182303358606,-0.597815993527657,-0.8943225536255255,1.4128666901914524,8.51,LIV,"Saad, Mr. Khalil"
3.286641350994531,-0.20130067336774635,-0.1418223433561009,0.7857585317020058,-0.6843701925219352,-0.07786586972753415,0.422551473376142,-0.9464185302884619,-0.2676225827665929,-0.2622048017274277,-0.8943225536255255,1.4128666901914524,11.5,LIV,"Saade, Mr. Jean Nassr"
-0.9448308357973763,-0.6870769606642625,0.5469387485690214,-0.7117855792579175,-1.26446239768411,-0.8623254961875885,1.0576747599763674,-0.30654489256900674,-1.0822193806584934,-0.49588529251522384,-0.8943225536255255,1.4128666901914524,6.26,LIV,"Sadlier, Mr. Matthew"
